ID,FullName,Nationaility,Position,BirthDate,Height,Weight
19925,Ellis Simms,England,Forward,05/01/2001,,
6784,Felipe Anderson,Brazil,Midfielder,15/04/1993,175,
37776,Jefferson Lerma,Colombia,Midfielder,25/10/1994,179,
14559,Alex Cochrane,England,Defender,21/04/2000,,
14800,Brahim Díaz,Spain,Midfielder,03/08/1999,171,
21964,Benjamín Garré,Argentina,Midfielder,11/07/2000,172,
8982,Anthony Knockaert,France,Midfielder,20/11/1991,172,
73896,Ben Nelson,England,Defender,18/03/2004,,
15007,Alfie Jones,England,Defender,07/10/1997,191,
14170,Levi Lumeka,England,Forward,05/09/1998,170,
9131,Albert Adomah,Ghana,Midfielder,13/12/1987,185,
8163,Lewis Dunk,England,Defender,21/11/1991,192,88
3924,Oliver Norwood,Northern Ireland,Midfielder,12/04/1991,180,
23837,George Broadbent,England,Midfielder,30/09/2000,188,
53177,Lucas De Bolle,Scotland,Midfielder,22/10/2002,,
10543,Sheyi Ojo,England,Midfielder,19/06/1997,177,
19851,Giovani Lo Celso,Argentina,Midfielder,09/04/1996,177,
4573,Alex McCarthy,England,Goalkeeper,03/12/1989,193,79
20224,Davinson Sánchez,Colombia,Defender,12/06/1996,187,81
19869,Dominic Thompson,England,Defender,26/07/2000,,
51209,Joshua Sargent,United States,Forward,20/02/2000,185,79
49490,Charlie Patino,England,Midfielder,17/10/2003,,
20701,Emmanuel Dennis,Nigeria,Forward,15/11/1997,175,67
79245,George Lewis,Rwanda,Forward,16/06/2000,,
66565,Owen Beck,Wales,Defender,09/08/2002,,
24253,Adama Diakhaby,France,Forward,05/07/1996,184,
8707,Dan Burn,England,Defender,09/05/1992,198,87
51418,Samuel Sharrock-Peplow,England,Midfielder,14/07/2002,,
14803,Daniel Arzani,Australia,Forward,04/01/1999,171,
15226,Cameron John,England,Defender,24/08/1999,,
8691,Charlie Taylor,England,Defender,18/09/1993,176,70
66518,Arjan Raikhy,England,Midfielder,20/10/2002,,
2664,Julian Speroni,Argentina,Goalkeeper,18/05/1979,186,
54392,Zack Steffen,United States,Goalkeeper,02/04/1995,191,86
23911,Sam Greenwood,England,Forward,26/01/2002,185,
107826,Jack Wells-Morrison,England,Midfielder,18/02/2004,,
70150,Christian Saydee,England,Forward,10/05/2002,181,
69176,Amad Diallo,Cote D’Ivoire,Forward,11/07/2002,173,
13490,Yohan Benalouane,Tunisia,Defender,28/03/1987,185,
64069,Ademipo Odubeko,Ireland,Forward,21/10/2002,,
3314,Luke Ayling,England,Defender,25/08/1991,185,72
10000,Kortney Hause,England,Defender,16/07/1995,191,77
19871,Folarin Balogun,England,Forward,03/07/2001,178,
66657,Oscar Bobb,Norway,Midfielder,12/07/2003,,
4818,Harrison Reed,England,Midfielder,27/01/1995,181,
23832,Ethan Laird,England,Defender,05/08/2001,177,
10542,Dejan Iliev,North Macedonia,Goalkeeper,25/02/1995,195,
13901,Connor Ronan,Ireland,Midfielder,06/03/1998,178,
4136,Conor Coady,England,Defender,25/02/1993,185,73
26556,Mihai-Alexandru Dobre,Romania,Midfielder,30/08/1998,185,
47259,Philip Heise,Germany,Defender,20/06/1991,184,
16006,Konstantinos Tsimikas,Greece,Defender,12/05/1996,178,77
23738,Stephen Duke-McKenna,Guyana,Midfielder,17/08/2000,,
10394,Bertrand Traoré,Burkina Faso,Forward,06/09/1995,181,73
8143,James Tarkowski,England,Defender,19/11/1992,185,81
24834,Pote,Portugal,Midfielder,28/06/1998,173,
5548,Mbaye Diagne,Senegal,Forward,28/10/1991,191,
67189,Kjell Scherpen,Netherlands,Goalkeeper,23/01/2000,204,98
13796,Joe Rodon,Wales,Defender,22/10/1997,180,70
51454,Leif Davis,England,Defender,31/12/1999,166,
5110,Pierre-Emerick Aubameyang,Gabon,Forward,18/06/1989,187,
5758,Lucas Digne,France,Defender,20/07/1993,178,74
31439,Ryan Edmondson,England,Forward,20/05/2001,,
10486,Callum Roberts,England,Midfielder,14/04/1997,,
8162,Bruno,Spain,Defender,01/10/1980,181,
3175,Andy Carroll,England,Forward,06/01/1989,193,
6519,Sadio Mané,Senegal,Forward,10/04/1992,175,69
67454,Trincão,Portugal,Forward,29/12/1999,184,70
75226,Cheikh Diaby,France,Forward,07/03/2000,,
4260,Jack Grealish,England,Midfielder,10/09/1995,175,68
6425,Joselu,Spain,Forward,27/03/1990,192,
53269,Oliver Casey,England,Defender,14/10/2000,188,
10449,Jonjoe Kenny,England,Defender,15/03/1997,176,67
9169,George Baldock,England,Defender,09/03/1993,178,
92706,Andrew Moran,Ireland,Midfielder,15/10/2003,,
9167,Dele Alli,England,Midfielder,11/04/1996,188,76
67634,Vitinha,Portugal,Midfielder,13/02/2000,172,
19608,Chris Löwe,Germany,Defender,16/04/1989,175,
4656,Ki Sung-Yeung,South Korea,Midfielder,24/01/1989,189,
24156,Raphinha,Brazil,Forward,14/12/1996,176,68
12198,Laurens De Bock,Belgium,Defender,07/11/1992,179,74
2896,John Ruddy,England,Goalkeeper,24/10/1986,193,97
33238,Philippe Sandler,Netherlands,Defender,10/02/1997,188,
12576,Djibril Sidibé,France,Defender,29/07/1992,182,
3564,Marc Albrighton,England,Midfielder,18/11/1989,175,74
4736,Aron Gunnarsson,Iceland,Midfielder,22/04/1989,178,
51556,Tawanda Maswanhise,England,Midfielder,20/11/2002,,
4477,Santi Cazorla,Spain,Midfielder,13/12/1984,168,
23812,Morgan Boyes,Wales,Defender,22/04/2001,177,
24412,Tom Trybull,Germany,Midfielder,09/03/1993,181,
11355,João Mário,Portugal,Midfielder,19/01/1993,179,
3926,Joshua King,Norway,Forward,15/01/1992,180,74
4495,Andreas Christensen,Denmark,Defender,10/04/1996,187,82
11267,Aboubakar Kamara,Mauritania,Forward,07/03/1995,177,
14051,Nathaniel Phillips,England,Defender,21/03/1997,190,
3046,Kieran Gibbs,England,Defender,26/09/1989,181,
19677,Brandon Mason,England,Defender,30/09/1997,173,
19620,Oleksandr Zinchenko,Ukraine,Defender,15/12/1996,175,64
5328,Danilo,Brazil,Defender,15/07/1991,184,
3222,Phil Jagielka,England,Defender,17/08/1982,180,
43087,Peter Etebo,Nigeria,Midfielder,09/11/1995,172,70
4328,Sergio Agüero,Argentina,Forward,02/06/1988,173,
52153,Moussa Djenepo,Mali,Midfielder,15/06/1998,177,65
12847,Pontus Jansson,Sweden,Defender,13/02/1991,194,89
14716,Harvey Barnes,England,Midfielder,09/12/1997,174,66
54144,Imrân Louza,Morocco,Midfielder,01/05/1999,178,65
49144,Jordan Zemura,Zimbabwe,Defender,14/11/1999,,
10146,Jordan Graham,England,Midfielder,05/03/1995,182,
13329,Ben Stevenson,England,Midfielder,23/03/1997,183,
13825,Adalberto Peñaranda,Venezuela,Forward,31/05/1997,185,
66094,Nuno Tavares,Portugal,Defender,26/01/2000,183,75
3360,Branislav Ivanovic,Serbia,Defender,22/02/1984,185,
15340,Taiwo Awoniyi,Nigeria,Forward,12/08/1997,183,
24353,Lewis O'Brien,England,Midfielder,14/10/1998,173,
12817,Allan Saint-Maximin,France,Forward,12/03/1997,173,67
40320,Percy Tau,South Africa,Forward,13/05/1994,175,
54889,Édouard Mendy,Senegal,Goalkeeper,01/03/1992,197,86
51638,Kamarai Simon-Swyer,England,Forward,04/12/2002,,
5384,Leroy Sané,Germany,Forward,11/01/1996,183,
19888,Jacob Ramsey,England,Midfielder,28/05/2001,,
14897,Sean Longstaff,England,Midfielder,30/10/1997,180,65
12365,Jordy Clasie,Netherlands,Midfielder,27/06/1991,169,
30527,Sylvester Jasper,Bulgaria,Forward,13/09/2001,,
51538,Adam Leathers,England,Midfielder,14/11/2001,,
65849,Kgaogelo Chauke,England,Midfielder,08/01/2003,,
6451,Martin Dúbravka,Slovakia,Goalkeeper,15/01/1989,190,83
9381,Nathan Thomas,England,Midfielder,27/09/1994,178,
13494,Shinji Okazaki,Japan,Forward,16/04/1986,174,
3894,Tom Cairney,Scotland,Midfielder,20/01/1991,186,
23978,George Harmon,England,Defender,08/12/2000,,
5140,Virgil van Dijk,Netherlands,Defender,08/07/1991,193,92
6712,Timothy Castagne,Belgium,Defender,05/12/1995,185,80
49259,Anthony Elanga,Sweden,Forward,27/04/2002,178,
3642,Diego Cavalieri,Brazil,Goalkeeper,01/12/1982,189,
6820,Ondrej Duda,Slovakia,Midfielder,05/12/1994,181,
9895,Matthew Pennington,England,Defender,06/10/1994,185,
23696,Marcel Lavinier,Portugal,Defender,16/12/2000,180,
4878,Jairo Riedewald,Netherlands,Midfielder,09/09/1996,182,79
8050,Harry Arter,Ireland,Midfielder,28/12/1989,176,
25246,Pablo Fornals,Spain,Midfielder,22/02/1996,178,67
16204,Willy Boly,Cote D’Ivoire,Defender,03/02/1991,195,92
111987,Daniel Jebbison,England,Forward,11/07/2003,190,
3799,Fabian Delph,England,Midfielder,21/11/1989,174,60
14433,Julio Pleguezuelo,Spain,Defender,26/01/1997,180,
10441,Jérémie Boga,Cote D’Ivoire,Forward,03/01/1997,172,
14984,Adam Parkes,England,Goalkeeper,30/11/1999,,
67196,Alex Král,Czech Republic,Midfielder,19/05/1998,185,72
9377,Conor Hourihane,Ireland,Midfielder,02/02/1991,180,
4615,Morgan Schneiderlin,France,Midfielder,08/11/1989,181,
14778,Tom Dele-Bashiru,Nigeria,Midfielder,17/09/1999,183,
19911,Arijanet Muric,Kosovo,Goalkeeper,07/11/1998,198,
8246,Ashley Barnes,England,Forward,30/10/1989,186,77
20095,Aiden O'Neill,Australia,Midfielder,04/07/1998,178,
33342,Odeluga Offiah,England,Defender,26/10/2002,,
31046,Jensen Weir,England,Midfielder,31/01/2002,184,
69415,Marcelo Flores,Mexico,Midfielder,01/10/2003,,
15608,Ragnar Klavan,Estonia,Defender,30/10/1985,187,
5097,Erik Durm,Germany,Defender,12/05/1992,182,
5175,Kurt Zouma,France,Defender,27/10/1994,190,96
5377,Max Meyer,Germany,Midfielder,18/09/1995,173,
10734,Emerson Hyndman,United States,Midfielder,09/04/1996,170,
24635,Eric García,Spain,Defender,09/01/2001,182,
69617,Sonny Perkins,England,Midfielder,10/02/2004,,
14830,Angel Gomes,England,Midfielder,31/08/2000,161,
19890,Lewis Brunt,England,Midfielder,06/11/2000,,
15122,Jonathan Dinzeyi,England,Defender,13/10/1999,,
24823,Armstrong Oko-Flex,Ireland,Forward,02/03/2002,,
12703,Steven Bergwijn,Netherlands,Forward,08/10/1997,178,78
14774,Aaron O'Driscoll,Ireland,Defender,04/04/1999,188,
8585,Paul Coutts,Scotland,Midfielder,22/07/1988,183,
13229,Uwe Hünemeier,Germany,Defender,09/01/1986,189,
23952,Dilan Markanday,England,Forward,20/08/2001,,
69286,Charlie Cresswell,England,Defender,17/08/2002,,
4403,Ashley Williams,Wales,Defender,23/08/1984,183,
8174,Leonardo Ulloa,Argentina,Forward,26/07/1986,188,
21821,Adam Lewis,England,Defender,08/11/1999,175,
24723,Teddy Jenks,England,Midfielder,12/03/2002,191,
26714,Taylor Gardner-Hickman,England,Defender,30/12/2001,,
4507,Kevin Mirallas,Belgium,Forward,05/10/1987,182,
4137,Tom Ince,England,Midfielder,30/01/1992,178,
15269,Angus Gunn,England,Goalkeeper,22/01/1996,196,77
5079,Ivan Cavaleiro,Portugal,Forward,18/10/1993,175,
10964,Rajiv van La Parra,Netherlands,Midfielder,04/06/1991,181,
108922,Lewis Hall,England,Midfielder,08/09/2004,,
109735,James Storer,England,Goalkeeper,,,
19681,Toni Martínez,Spain,Forward,30/06/1997,180,
19867,Bayli Spencer-Adams,England,Defender,26/06/2001,,
13234,Tomer Hemed,Israel,Forward,02/05/1987,186,
64140,Carney Chukwuemeka,England,Midfielder,20/10/2003,,
2559,Martin Cranie,England,Defender,26/09/1986,183,
12707,Ederson,Brazil,Goalkeeper,17/08/1993,188,86
10491,Darnell Furlong,England,Defender,31/10/1995,183,
20961,Thomas McGill,England,Goalkeeper,25/03/2000,,
3156,Jonny Evans,Northern Ireland,Defender,03/01/1988,188,77
9567,Kieron Freeman,Wales,Defender,21/03/1992,178,
15293,Jayson Molumby,Ireland,Midfielder,06/08/1999,,
19679,Bartosz Kapustka,Poland,Midfielder,23/12/1996,179,
30533,Aaron Rowe,England,Midfielder,07/09/2000,,
16234,Ezequiel Schelotto,Argentina,Defender,23/05/1989,187,
35741,Tony Springett,England,Midfielder,,,
66560,Freddie Potts,England,Midfielder,12/09/2003,,
3811,Nathan Redmond,England,Midfielder,06/03/1994,173,69
9199,Adam Armstrong,England,Forward,10/02/1997,172,69
20517,Saïd Benrahma,Algeria,Forward,10/08/1995,172,67
2980,Dean Whitehead,England,Midfielder,12/01/1982,180,
4851,Matej Vydra,Czech Republic,Forward,01/05/1992,180,71
53182,Theo Corbeanu,Canada,Forward,17/05/2002,190,
13280,Matt Miazga,United States,Defender,19/07/1995,191,
4095,Rodrigo,Spain,Forward,06/03/1991,182,77
23615,Henry Onyekuru,Nigeria,Forward,05/06/1997,175,
12463,Jérémy Pied,France,Defender,23/02/1989,174,
23955,Jubril Okedina,England,Defender,26/10/2000,,
15288,Ben Barclay,England,Defender,07/10/1996,,
5859,Luka Milivojevic,Serbia,Midfielder,07/04/1991,186,80
49761,Sébastien Haller,Cote D’Ivoire,Forward,22/06/1994,190,
5343,Ricardo Pereira,Portugal,Defender,06/10/1993,175,70
3909,Ben Mee,England,Defender,21/09/1989,180,74
10191,Sullay Kaikai,Sierra Leone,Forward,26/08/1995,182,
8587,Jamie Ward,Northern Ireland,Forward,12/05/1986,165,
13192,Corey Jordan,England,Defender,04/03/1999,185,
8836,Marvin Johnson,England,Midfielder,01/12/1990,178,
32923,Yerry Mina,Colombia,Defender,23/09/1994,195,94
14452,Nathan Tella,England,Midfielder,05/07/1999,,
14359,Jordan Williams,England,Defender,22/10/1999,179,
66307,Rocky Bushiri,Belgium,Defender,30/11/1999,186,
14802,Tyreke Wilson,Ireland,Defender,02/12/1999,,
66318,Jarrad Branthwaite,England,Defender,27/06/2002,195,82
3869,Shkodran Mustafi,Germany,Defender,17/04/1992,184,
12359,Terence Kongolo,Netherlands,Defender,14/02/1994,188,
4402,Neil Taylor,Wales,Defender,07/02/1989,176,
52960,Louie Barry,England,Forward,21/06/2003,,
7981,Liam Feeney,England,Midfielder,28/04/1986,183,
10968,Ben Godfrey,England,Defender,15/01/1998,183,74
3881,Wes Foderingham,England,Goalkeeper,14/01/1991,185,
12639,Manolo Gabbiadini,Italy,Forward,26/11/1991,181,
6252,Emiliano Sala,Argentina,Forward,31/10/1990,187,
66669,Luis Díaz,Colombia,Forward,13/01/1997,178,65
4398,Michel Vorm,Netherlands,Goalkeeper,20/10/1983,183,
16431,Rúben Dias,Portugal,Defender,14/05/1997,186,76
4286,Oriol Romeu,Spain,Midfielder,24/09/1991,183,83
69546,Xavier Mbuyamba,Netherlands,Defender,31/12/2001,,
20053,Ajibola Alese,England,Defender,17/01/2001,,
75991,Joel Mumbongo,Sweden,Forward,09/01/1999,188,
14706,Kiernan Dewsbury-Hall,England,Midfielder,06/09/1998,,
15685,Alexander Sørloth,Norway,Forward,05/12/1995,195,
3562,Ciaran Clark,Ireland,Defender,26/09/1989,185,88
4816,Victor Wanyama,Kenya,Midfielder,25/06/1991,188,
14453,Charlie Gilmour,Scotland,Midfielder,11/02/1999,171,
20486,Leandro Trossard,Belgium,Forward,04/12/1994,171,61
22047,Christoph Zimmermann,Germany,Defender,12/01/1993,194,92
13549,Tosin Adarabioyo,England,Defender,24/09/1997,196,
2359,Dean Marney,England,Midfielder,31/01/1984,183,
4766,Mile Jedinak,Australia,Midfielder,03/08/1984,189,
25291,Jay-Roy Grot,Netherlands,Forward,13/03/1998,193,
20559,Alisson,Brazil,Goalkeeper,02/10/1992,191,91
4482,Chuba Akpom,England,Forward,09/10/1995,183,
11575,Rob Holding,England,Defender,20/09/1995,189,75
4135,Jonjo Shelvey,England,Midfielder,27/02/1992,184,80
20027,Saul Shotton,England,Defender,10/11/2000,184,
22002,Will Ferry,Ireland,Midfielder,07/12/2000,176,
112458,Hugo Bueno,Spain,Defender,18/09/2002,180,
5583,Mario Lemina,Gabon,Midfielder,01/09/1993,184,
49256,Ben Cottrell,England,Midfielder,31/10/2001,,
14393,Jamie Shackleton,England,Midfielder,08/10/1999,168,65
12265,Eduardo,Portugal,Goalkeeper,19/09/1982,187,
4654,Pablo Hernández,Spain,Midfielder,11/04/1985,173,
4918,Javier Manquillo,Spain,Defender,05/05/1994,178,76
3182,Adam Federici,Australia,Goalkeeper,31/01/1985,188,
5156,Beram Kayal,Israel,Midfielder,02/05/1988,178,
51530,Oliver Ewing,Wales,Midfielder,03/01/2003,,
4472,Nacho Monreal,Spain,Defender,26/02/1986,179,
51593,Elliot Anderson,Scotland,Midfielder,06/11/2002,,
42331,Christian Nørgaard,Denmark,Midfielder,10/03/1994,187,76
19607,Christopher Schindler,Germany,Defender,29/04/1990,188,
3138,Lee Peltier,England,Defender,11/12/1986,178,
14643,Alex Denny,England,Midfielder,12/04/2000,186,
3333,Jordon Mutch,England,Midfielder,02/12/1991,188,
2889,Jack Cork,England,Midfielder,25/06/1989,183,70
4148,Yaya Touré,Cote D’Ivoire,Midfielder,13/05/1983,188,
66506,Romaric Yapi,France,Defender,13/07/2000,178,
10651,Joseph Gomez,England,Defender,23/05/1997,188,77
14949,Joe Tupper,England,Goalkeeper,15/11/1997,,
66222,Zan-Luk Leban,Slovenia,Goalkeeper,15/12/2002,,
24667,Terry Taylor,Wales,Midfielder,29/06/2001,185,
16801,Antonio Rüdiger,Germany,Defender,03/03/1993,190,85
23817,Luis Longstaff,England,Midfielder,24/02/2001,168,
24000,Nikola Tavares,Croatia,Defender,17/01/1999,,
15212,Ben Johnson,England,Defender,24/01/2000,175,67
24232,Paul Glatzel,England,Forward,20/02/2001,,
3600,Séamus Coleman,Ireland,Defender,11/10/1988,177,67
43940,Harry Tyrer,England,Goalkeeper,06/12/2001,,
19865,Mark McGuinness,Ireland,Defender,05/01/2001,194,
23703,Juan Familia-Castillo,Netherlands,Defender,13/01/2000,,
9929,Jonathan Bond,England,Goalkeeper,19/05/1993,196,
5713,José Holebas,Greece,Defender,27/06/1984,184,
19617,Nampalys Mendy,Senegal,Midfielder,23/06/1992,167,73
13554,Kelechi Iheanacho,Nigeria,Forward,03/10/1996,185,82
13510,Pedro Chirivella,Spain,Midfielder,23/05/1997,178,
3982,Mohamed Diamé,Senegal,Midfielder,14/06/1987,184,
16747,Laurent Depoitre,Belgium,Forward,07/12/1988,191,
2852,Adam Legzdins,England,Goalkeeper,28/11/1986,190,
4492,Christian Benteke,Belgium,Forward,03/12/1990,190,83
14713,Josh Felix-Eppiah,Belgium,Forward,11/10/1998,179,
4288,Kevin De Bruyne,Belgium,Midfielder,28/06/1991,181,68
5672,Federico Fernández,Argentina,Defender,21/02/1989,190,83
13822,Sebastian Prödl,Austria,Defender,21/06/1987,194,
20178,Neeskens Kebano,DR Congo,Midfielder,10/03/1992,170,
4337,Jesse Lingard,England,Midfielder,15/12/1992,175,62
23743,Kyle John,England,Defender,13/02/2001,,
8897,Aaron Cresswell,England,Defender,15/12/1989,170,66
2007,Steve Sidwell,England,Midfielder,14/12/1982,178,
22698,Ezgjan Alioski,North Macedonia,Midfielder,12/02/1992,173,
4604,Nathaniel Clyne,England,Defender,05/04/1991,175,67
23759,Luca Ashby-Hammond,England,Goalkeeper,25/03/2001,,
19752,Akin Famewo,England,Defender,09/11/1998,187,
14428,João Virgínia,Portugal,Goalkeeper,10/10/1999,198,
4972,Pedro,Spain,Forward,28/07/1987,169,
14647,Magnus Norman,England,Goalkeeper,19/01/1997,192,
12937,Eric Bailly,Cote D’Ivoire,Defender,12/04/1994,187,77
50512,Mattéo Guendouzi,France,Midfielder,14/04/1999,185,
69417,Charlie Savage,Wales,Midfielder,02/05/2003,,
14451,Eddie Nketiah,England,Forward,30/05/1999,175,72
14779,Kean Bryan,England,Defender,01/11/1996,185,
114590,William Osula,Denmark,Forward,04/08/2003,,
23704,Tariq Lamptey,England,Defender,30/09/2000,,
15184,Vashon Neufville,England,Defender,18/07/1999,173,
8293,Will Norris,England,Goalkeeper,12/08/1993,195,74
24702,Daniel Langley,England,Goalkeeper,28/12/2000,,
14743,Paulo Alves,Portugal,Midfielder,25/12/1997,176,
15661,Birkir Bjarnason,Iceland,Midfielder,27/05/1988,183,
10443,Dominic Solanke,England,Forward,14/09/1997,187,
10467,Angeliño,Spain,Defender,04/01/1997,175,
4319,Costel Pantilimon,Romania,Goalkeeper,01/02/1987,203,
51511,Lewis Dobbin,England,Forward,03/01/2003,,
23152,Kristoffer Klaesson,Norway,Goalkeeper,27/11/2000,189,76
3889,Stefano Okaka,Italy,Forward,09/08/1989,186,
112097,Frederik Alves,Denmark,Defender,08/11/1999,195,
4852,Adrián,Spain,Goalkeeper,03/01/1987,190,80
20722,Sam Dalby,England,Forward,07/12/1999,,
23853,Jon McCracken,Scotland,Goalkeeper,24/05/2000,,
3348,Ádám Bogdán,Hungary,Goalkeeper,27/09/1987,193,
23768,Benjamin Davis,Thailand,Midfielder,24/11/2000,175,
7219,Alberto Moreno,Spain,Defender,05/07/1992,171,
64522,Christian Marques,Portugal,Defender,15/01/2003,187,
10957,Odion Ighalo,Nigeria,Forward,16/06/1989,181,
66104,Gabriel Martinelli,Brazil,Forward,18/06/2001,178,75
10480,Daryl Janmaat,Netherlands,Defender,22/07/1989,185,
14434,Tolaji Bola,England,Defender,04/01/1999,188,
49796,Ismaïla Sarr,Senegal,Forward,25/02/1998,185,76
12199,Björn Engels,Belgium,Defender,15/09/1994,193,
24778,Daniel Adshead,England,Midfielder,02/09/2001,167,
13867,Sam Field,England,Midfielder,08/05/1998,191,
16758,Maxwel Cornet,Cote D’Ivoire,Midfielder,27/09/1996,179,69
3906,Greg Cunningham,Ireland,Defender,31/01/1991,183,
15185,Mason Barrett,England,Defender,24/09/1999,,
62919,Brad Young,England,Midfielder,06/01/2003,,
5595,Jordan Ayew,Ghana,Forward,11/09/1991,182,80
14671,Matt O'Riley,Denmark,Midfielder,21/11/2000,,
33124,Pascal Struijk,Netherlands,Defender,11/08/1999,190,
19606,Floyd Ayité,Togo,Forward,15/12/1988,175,
1926,Brian Murphy,Ireland,Goalkeeper,07/05/1983,183,
74743,Melvin Sitti,France,Midfielder,14/02/2000,182,
5520,Stephan Lichtsteiner,Switzerland,Defender,16/01/1984,182,
9293,Joel Coleman,England,Goalkeeper,26/09/1995,198,
13285,Kenedy,Brazil,Forward,08/02/1996,182,77
25447,Taylor Harwood-Bellis,England,Defender,30/01/2002,188,
13903,Bright Enobakhare,Nigeria,Forward,08/02/1998,178,
31861,Albert Sambi Lokonga,Belgium,Midfielder,22/10/1999,173,67
3546,Samir Nasri,France,Midfielder,26/06/1987,175,
51581,Maxwell Haygarth,England,Midfielder,21/01/2002,,
10535,Reece Oxford,England,Defender,16/12/1998,193,
50501,Carlos Vinícius,Brazil,Forward,25/03/1995,190,
51612,Michael Craig,Scotland,Midfielder,16/04/2003,,
2508,Kasper Schmeichel,Denmark,Goalkeeper,05/11/1986,189,89
3955,Kyle Walker,England,Defender,28/05/1990,178,70
72119,Francisco Sierralta,Chile,Defender,06/05/1997,190,83
4748,Willian,Brazil,Forward,09/08/1988,175,
3505,David Button,England,Goalkeeper,27/02/1989,191,
4777,Gerard Deulofeu,Spain,Forward,13/03/1994,177,
13797,Daniel James,Wales,Midfielder,10/11/1997,171,76
9982,Reece Burke,England,Defender,02/09/1996,189,
25191,Bruno Jordão,Portugal,Midfielder,12/10/1998,180,
13232,Jiri Skalak,Czech Republic,Midfielder,12/03/1992,177,
14477,Dominic Revan,England,Defender,19/09/2000,,
13871,Pedro Obiang,Equatorial Guinea,Midfielder,27/03/1992,185,
68581,Harvey Davies,England,Goalkeeper,03/09/2003,,
14572,Dujon Sterling,England,Defender,24/10/1999,186,
7213,Sergio Rico,Spain,Goalkeeper,01/09/1993,195,
13987,Pablo Maffeo,Spain,Defender,12/07/1997,172,
4433,Alex Pritchard,England,Midfielder,03/05/1993,171,
15230,Connor Johnson,England,Defender,10/03/1998,,
5078,Lazar Markovic,Serbia,Midfielder,02/03/1994,175,
10074,Joe Ralls,England,Midfielder,12/10/1993,183,
24626,Douglas Luiz,Brazil,Midfielder,09/05/1998,175,66
19951,Lewis Cass,England,Defender,27/02/2000,,
2886,Ryan Bertrand,England,Defender,05/08/1989,179,85
4408,Ben Davies,Wales,Defender,24/04/1993,181,76
14298,Michael Folivi,England,Forward,25/02/1998,180,
9060,Andre Gray,Jamaica,Forward,26/06/1991,178,
10432,Rushian Marcus Amari Hepburn-Murphy,England,Forward,28/08/1998,173,
67198,Lewis Richardson,England,Midfielder,07/02/2003,,
13814,Cameron Carter-Vickers,United States,Defender,31/12/1997,183,
51484,Antef Tsoungui,England,Defender,30/12/2002,,
8882,Philip Billing,Denmark,Midfielder,11/06/1996,193,
22651,Marc Navarro,Spain,Defender,02/07/1995,188,
4771,Dwight Gayle,England,Forward,17/10/1989,174,78
14656,Ryan Sessegnon,England,Midfielder,18/05/2000,178,70
3316,Håvard Nordtveit,Norway,Defender,21/06/1990,188,
16286,Rodri,Spain,Midfielder,22/06/1996,191,82
20180,Achraf Lazaar,Morocco,Defender,22/01/1992,184,
10522,DeAndre Yedlin,United States,Defender,09/07/1993,172,
14696,Darnell Johnson,England,Defender,03/09/1998,,
3601,Shane Duffy,Ireland,Defender,01/01/1992,193,76
13899,Sylvain Deslandes,France,Defender,25/04/1997,178,
49495,Valentino Livramento,England,Defender,12/11/2002,,
4198,Craig Dawson,England,Defender,06/05/1990,188,82
68582,Conor Bradley,Northern Ireland,Midfielder,09/07/2003,,
15560,Felix Passlack,Germany,Midfielder,29/05/1998,170,
2835,Armand Traore,Senegal,Defender,08/10/1989,185,
12173,Florent Hadergjonaj,Kosovo,Defender,31/07/1994,182,
14732,Trent Alexander-Arnold,England,Defender,07/10/1998,175,69
24214,Kyle Taylor,England,Midfielder,26/05/1999,,
21848,Josh Gordon,England,Forward,10/10/1994,178,
4333,Michael Keane,England,Defender,11/01/1993,191,82
51545,Wanya Marçal-Madivadua,Portugal,Midfielder,19/10/2002,,
14340,Mark Harris,Wales,Midfielder,29/12/1998,182,
4158,Robbie Brady,Ireland,Midfielder,14/01/1992,176,
31670,Indiana Vassilev,United States,Forward,16/02/2001,173,
13089,Mateusz Klich,Poland,Midfielder,13/06/1990,183,84
2214,Robert Elliot,Ireland,Goalkeeper,30/04/1986,190,94
3413,Ryan Babel,Netherlands,Forward,19/12/1986,185,
9960,Alfie Mawson,England,Defender,19/01/1994,189,
50230,Andi Zeqiri,Switzerland,Forward,22/06/1999,181,
14875,Nathan Harker,England,Goalkeeper,05/11/1998,,
10905,Che Adams,Scotland,Forward,13/07/1996,175,70
8335,Gary Madine,England,Forward,24/08/1990,193,
4626,Billy Sharp,England,Forward,05/02/1986,175,
24342,Giovanni McGregor,England,Midfielder,09/01/1999,,
3014,Mark Noble,England,Midfielder,08/05/1987,180,70
51223,Ian Maatsen,Netherlands,Defender,10/03/2002,167,
50462,Sam Sherring,England,Defender,08/05/2000,,
15367,Conor Shaughnessy,Ireland,Midfielder,30/06/1996,191,
8584,Craig Bryson,Scotland,Midfielder,06/11/1986,170,
23841,James Garner,England,Midfielder,13/03/2001,186,
23948,Brooklyn Lyons-Foster,England,Defender,01/12/2000,,
6194,Wesley Hoedt,Netherlands,Defender,06/03/1994,188,
6210,Jóhann Gudmundsson,Iceland,Midfielder,27/10/1990,186,78
4229,Matt Doherty,Ireland,Defender,16/01/1992,182,80
3979,James McCarthy,Ireland,Midfielder,12/11/1990,180,
4711,Sam Baldock,England,Forward,15/03/1989,170,
23976,Nathan Ferguson,England,Defender,06/10/2000,178,74
32845,Ciaron Brown,Northern Ireland,Defender,14/01/1998,185,
2836,Matthew Connolly,England,Defender,24/09/1987,188,
4248,Carl Jenkinson,England,Defender,08/02/1992,185,
23815,Curtis Jones,England,Midfielder,30/01/2001,185,75
10422,Matt Macey,England,Goalkeeper,09/09/1994,205,
33166,Jack Bearne,England,Midfielder,15/09/2001,,
33158,Pontus Dahlberg,Sweden,Goalkeeper,21/01/1999,194,
108612,Frank Onyeka,Nigeria,Midfielder,01/01/1998,183,
23810,Anthony Driscoll-Glennon,England,Defender,26/11/1999,181,
3831,Danny Ward,England,Forward,11/12/1991,178,
15994,Allan,Brazil,Midfielder,08/01/1991,173,73
24695,Soufyan Ahannach,Netherlands,Midfielder,09/09/1995,179,
51505,Max Thompson,England,Forward,09/02/2002,,
66564,Billy Koumetio,France,Defender,14/11/2002,,
8245,Danny Ings,England,Forward,23/07/1992,178,73
19626,Pierluigi Gollini,Italy,Goalkeeper,18/03/1995,194,94
9426,Adam Webster,England,Defender,04/01/1995,191,75
4007,Sam Vokes,Wales,Forward,21/10/1989,186,
8900,Tyrone Mings,England,Defender,13/03/1993,196,77
24347,Rarmani Edmonds-Green,England,Defender,14/01/1999,,
3801,Jonathan Hogg,England,Midfielder,06/12/1988,170,
10455,Kieran Dowell,England,Midfielder,10/10/1997,175,70
99282,Roméo Lavia,Belgium,Midfielder,06/01/2004,,
4601,Artur Boruc,Poland,Goalkeeper,20/02/1980,193,
10079,Nick Pope,England,Goalkeeper,19/04/1992,191,76
10881,Jack Stacey,England,Defender,06/04/1996,180,
21774,Jan Mlakar,Slovenia,Forward,23/10/1998,183,
23869,Jack Bycroft,England,Goalkeeper,21/09/2001,,
11364,Islam Slimani,Algeria,Forward,18/06/1988,188,
19929,Ian Poveda-Ocampo,England,Forward,09/02/2000,165,
4813,Dejan Lovren,Croatia,Defender,05/07/1989,188,
14592,Martell Taylor-Crossdale,England,Forward,26/12/1999,,
13703,Aaron Ramsdale,England,Goalkeeper,14/05/1998,188,77
23612,Cengiz Ünder,Turkey,Forward,14/07/1997,173,
32989,Michael Olise,France,Midfielder,12/12/2001,176,
26220,Robin Koch,Germany,Defender,17/07/1996,192,85
51561,Layton Stewart,England,Forward,03/09/2002,,
24994,Patson Daka,Zambia,Forward,09/10/1998,183,71
19894,Mungo Bridge,England,Forward,12/09/2000,,
5570,Nicolas Nkoulou,Cameroon,Defender,27/03/1990,184,77
117497,Yoane Wissa,DR Congo,Midfielder,03/09/1996,176,74
4545,Massadio Haïdara,Mali,Defender,02/12/1992,179,
64142,Shola Shoretire,England,Forward,02/02/2004,170,
4356,Anthony Pilkington,Ireland,Midfielder,06/06/1988,180,
14902,Owen Bailey,England,Defender,22/01/1999,,
14446,Joseph Willock,England,Midfielder,20/08/1999,179,71
16642,Nélson Semedo,Portugal,Defender,16/11/1993,177,67
4030,Laurent Koscielny,France,Defender,10/09/1985,186,
3995,Scott Malone,England,Defender,25/03/1991,189,
4645,Alfred N'Diaye,Senegal,Midfielder,06/03/1990,193,
65782,Jonathan Rowe,England,Forward,30/04/2003,173,
33135,Jack Harrison,England,Midfielder,20/11/1996,175,70
19999,Jamal Balogun,England,Defender,18/01/2000,,
4421,Gylfi Sigurdsson,Iceland,Midfielder,08/09/1989,186,
14608,Jayden Bogle,England,Defender,27/07/2000,178,
66378,Illan Meslier,France,Goalkeeper,02/03/2000,193,74
4474,Héctor Bellerín,Spain,Defender,19/03/1995,178,
16524,Arnaut Danjuma,Netherlands,Forward,31/01/1997,178,
23994,Owen Otasowie,United States,Midfielder,06/01/2001,191,
3820,Phil Jones,England,Defender,21/02/1992,180,71
3613,Chris Smalling,England,Defender,22/11/1989,194,
4503,Eden Hazard,Belgium,Forward,07/01/1991,175,
27277,Marc Cucurella,Spain,Defender,22/07/1998,172,66
4354,Andrew Crofts,Wales,Midfielder,29/05/1984,175,
14481,Harry McKirdy,England,Forward,29/03/1997,175,
7336,Vladimir Coufal,Czech Republic,Defender,22/08/1992,179,76
107846,Lamare Bogarde,Netherlands,Midfielder,05/01/2004,,
51563,Max Woltman,England,Forward,20/08/2003,,
4115,Ross Barkley,England,Midfielder,05/12/1993,189,76
47181,Samir,Brazil,Defender,05/12/1994,189,73
5748,Alphonse Areola,France,Goalkeeper,27/02/1993,195,94
3242,Charlie Daniels,England,Defender,07/09/1986,178,
24001,Kayne Ramsay,England,Defender,10/10/2000,,
5698,Gonzalo Higuaín,Argentina,Forward,10/12/1987,186,
14827,Callum Whelan,England,Midfielder,24/09/1998,,
3062,Ashley Young,England,Defender,09/07/1985,175,65
7163,Dani Ceballos,Spain,Midfielder,07/08/1996,179,
11366,André Carrillo,Peru,Midfielder,14/06/1991,182,
8586,Jeff Hendrick,Ireland,Midfielder,31/01/1992,185,
5806,Willian José,Brazil,Forward,23/11/1991,189,
4916,Toby Alderweireld,Belgium,Defender,02/03/1989,186,
49270,James McAtee,England,Midfielder,18/10/2002,,
15002,Callum Slattery,England,Midfielder,08/02/1999,175,
51423,John McGinn,Scotland,Midfielder,18/10/1994,178,68
8192,Bobby De Cordova-Reid,Jamaica,Forward,02/02/1993,170,
13240,Jonathan Kodjia,Cote D’Ivoire,Forward,22/10/1989,191,
98258,Matthew Cox,England,Goalkeeper,02/05/2003,,
20064,Jeremy Ngakia,England,Defender,07/09/2000,,
20723,Steven Alzate,Colombia,Midfielder,08/09/1998,180,75
15119,Anton Walkes,England,Defender,08/02/1997,187,
15017,Tyreke Johnson,England,Forward,03/11/1998,185,
32298,Edo Kayembe,DR Congo,Midfielder,03/06/1998,183,77
3934,Matt Ritchie,Scotland,Midfielder,10/09/1989,172,76
24679,James Daly,England,Forward,12/01/2000,,
5066,Victor Lindelöf,Sweden,Defender,17/07/1994,187,80
51574,Tyler Morton,England,Midfielder,31/10/2002,,
3312,Kyle Bartley,England,Defender,22/05/1991,185,
5239,Mohamed Elneny,Egypt,Midfielder,11/07/1992,180,70
11034,Richairo Zivkovic,Netherlands,Forward,05/09/1996,187,
14805,Phil Foden,England,Midfielder,28/05/2000,171,70
2620,Gary Cahill,England,Defender,19/12/1985,193,
7975,David Raya,Spain,Goalkeeper,15/09/1995,183,80
5051,João Cancelo,Portugal,Defender,27/05/1994,182,74
4634,Jack Butland,England,Goalkeeper,10/03/1993,196,95
12114,Cenk Tosun,Turkey,Forward,07/06/1991,183,78
50234,Gabriel Magalhães,Brazil,Defender,19/12/1997,190,78
66658,Samuel Edozie,England,Forward,28/01/2003,,
32700,Przemyslaw Placheta,Poland,Midfielder,23/03/1998,177,72
1308,Gareth Barry,England,Midfielder,23/02/1981,185,
6030,Salomón Rondón,Venezuela,Forward,16/09/1989,186,98
14657,Steven Sessegnon,England,Defender,18/05/2000,175,
24220,Karlo Ziger,Croatia,Goalkeeper,11/05/2001,,
19970,Max Aarons,England,Defender,04/01/2000,178,69
6251,Henri Saivet,Senegal,Midfielder,26/10/1990,174,
15333,Cédric Kipré,Cote D’Ivoire,Defender,09/12/1996,193,
49193,Bojan Radulović,Serbia,Forward,29/12/1999,191,
9117,Ben Gibson,England,Defender,15/01/1993,185,78
3457,Jason Steele,England,Goalkeeper,18/08/1990,188,79
14450,Reiss Nelson,England,Forward,10/12/1999,175,
35781,Allan Tchaptchet,France,Defender,21/12/2001,193,
24708,Faustino Anjorin,England,Midfielder,23/11/2001,185,
5754,Thiago Silva,Brazil,Defender,22/09/1984,183,79
20048,Josh Maja,Nigeria,Forward,27/12/1998,180,
5467,Alex Telles,Brazil,Defender,15/12/1992,181,71
35733,Matej Kovár,Czech Republic,Goalkeeper,17/05/2000,184,
5907,Bernard,Brazil,Forward,08/09/1992,164,
50252,Nicolas Pépé,Cote D’Ivoire,Forward,29/05/1995,183,73
109775,Sammy Braybrooke,England,Midfielder,12/03/2004,,
32673,Rhys Norrington-Davies,Wales,Defender,22/04/1999,181,
15114,Brandon Austin,England,Goalkeeper,07/01/1999,188,82
108924,Maksim Paskotsi,Estonia,Defender,19/01/2003,,
9947,Troy Deeney,England,Forward,29/06/1988,183,
4074,Matt Phillips,Scotland,Midfielder,13/03/1991,185,
25266,Mason Greenwood,England,Forward,01/10/2001,181,70
74739,Brooklyn Genesini,England,Defender,12/12/2001,,
5067,Bernardo Silva,Portugal,Midfielder,10/08/1994,173,64
4864,Conor Townsend,England,Defender,04/03/1993,168,
4796,Mamadou Sakho,France,Defender,13/02/1990,187,
2100,James Milner,England,Midfielder,04/01/1986,175,70
21518,Finn Azaz,England,Midfielder,07/09/2000,,
72371,João Pedro,Brazil,Forward,26/09/2001,182,70
63633,Alexis Mac Allister,Argentina,Midfielder,24/12/1998,176,72
20479,Wilfred Ndidi,Nigeria,Midfielder,16/12/1996,183,74
66494,Emil Krafth,Sweden,Defender,02/08/1994,184,83
24128,Milot Rashica,Kosovo,Midfielder,28/06/1996,177,73
23739,Michael Collins,England,Defender,22/09/2000,,
8045,Steve Cook,England,Defender,19/04/1991,185,
49716,Rúnar Rúnarsson,Iceland,Goalkeeper,18/02/1995,186,
66221,Charlie Webster,England,Midfielder,31/01/2004,,
21584,Eberechi Eze,England,Midfielder,29/06/1998,,
10565,James Bree,England,Defender,11/12/1997,172,
9257,Jamaal Lascelles,England,Defender,11/11/1993,188,89
11241,Erdal Rakip,North Macedonia,Midfielder,13/02/1996,180,
4539,Wilfried Zaha,Cote D’Ivoire,Forward,10/11/1992,180,66
19928,Taylor Richards,England,Midfielder,04/12/2000,180,
15374,Josh Sims,England,Midfielder,28/03/1997,174,
15239,Daniel Armstrong,Scotland,Midfielder,11/10/1997,175,
14441,Josh Benson,England,Midfielder,05/12/1999,175,
4618,Adam Lallana,England,Midfielder,10/05/1988,172,73
15116,Japhet Tanganga,England,Defender,31/03/1999,184,76
21506,Jonathan De Bie,Belgium,Goalkeeper,28/05/2000,,
15118,Joy Mukena,England,Defender,03/07/1999,,
4785,Allan McGregor,Scotland,Goalkeeper,31/01/1982,183,
9363,Conor Washington,Northern Ireland,Forward,18/05/1992,178,
8945,Sam Byram,England,Defender,16/09/1993,180,72
3169,Tim Krul,Netherlands,Goalkeeper,03/04/1988,188,84
33066,Onel Hernández,Cuba,Midfielder,01/02/1993,172,
15211,Conor Coventry,Ireland,Midfielder,25/03/2000,177,
14566,Jared Thompson,Northern Ireland,Goalkeeper,23/02/1999,,
15375,Marcus Barnes,England,Forward,01/12/1996,185,
24341,Bryce Hosannah,England,Defender,08/04/1999,,
7114,Georginio Wijnaldum,Netherlands,Midfielder,11/11/1990,175,
51559,Thomas Hill,England,Forward,13/10/2002,,
8171,Solly March,England,Midfielder,20/07/1994,180,88
75317,Peter Keen,England,Goalkeeper,16/11/1976,183,
13509,Ryan Kent,England,Forward,11/11/1996,172,
51464,Jayden Bennetts,England,Midfielder,26/06/2001,,
26977,Josh Martin,England,Midfielder,09/09/2001,,
10559,Daniel Agyei,England,Forward,01/06/1997,183,
23575,Filip Krovinovic,Croatia,Midfielder,29/08/1995,175,
25892,Kevin Danso,Austria,Defender,19/09/1998,190,
14665,Jayden Harris,England,Midfielder,04/09/1999,,
52201,Joel Lopez Salguero,Spain,Defender,31/03/2002,,
24659,Nathan Collins,Ireland,Defender,30/04/2001,193,
50989,Claudio Gomes,France,Midfielder,23/07/2000,164,
3830,Lee Chung-Yong,South Korea,Midfielder,02/07/1988,180,
9431,Ricky Holmes,England,Midfielder,19/06/1987,173,
14758,Ben Woodburn,Wales,Midfielder,15/10/1999,174,
3049,Henri Lansbury,England,Midfielder,12/10/1990,183,
15687,Juninho Bacuna,Curacao,Midfielder,07/08/1997,178,
114485,Josh Feeney,England,Midfielder,06/05/2005,,
12949,Luciano Vietto,Argentina,Forward,05/12/1993,174,
16607,Florian Lejeune,France,Defender,20/05/1991,189,
14676,Luca de la Torre,United States,Midfielder,23/05/1998,177,
22866,Juraj Kucka,Slovakia,Midfielder,26/02/1987,186,86
20941,Rayhaan Tulloch,England,Midfielder,20/01/2001,178,
98303,Taylor Jay-Hart,England,Midfielder,18/12/2003,179,
77990,Alfie Devine,England,Midfielder,01/08/2004,179,75
3362,Patrick van Aanholt,Netherlands,Defender,29/08/1990,176,
4505,John Stones,England,Defender,28/05/1994,188,70
19609,Michael Hefele,Germany,Defender,01/09/1990,192,
23797,Sidnei Tavares,Portugal,Midfielder,29/09/2001,,
13195,Sam Surridge,England,Forward,28/07/1998,191,
13869,Kyle Edwards,England,Midfielder,17/02/1998,172,
20750,Hakim Ziyech,Morocco,Midfielder,19/03/1993,180,65
13387,Ramiro Mori,Argentina,Defender,05/03/1991,186,
14574,Jacob Maddox,England,Midfielder,03/11/1998,179,
11044,Aymeric Laporte,Spain,Defender,27/05/1994,191,86
23593,Ibrahima Konaté,France,Defender,25/05/1999,194,95
23396,Bruno Fernandes,Portugal,Midfielder,08/09/1994,179,69
13561,Timothy Fosu-Mensah,Netherlands,Defender,02/01/1998,185,
9595,Michail Antonio,Jamaica,Forward,28/03/1990,180,82
33175,Mika Biereth,England,Forward,08/02/2003,,
15558,Moritz Leitner,Germany,Midfielder,08/12/1992,174,
14569,Marc Guéhi,England,Defender,13/07/2000,182,82
9457,Josh Brownhill,England,Midfielder,19/12/1995,180,69
5804,Álvaro Morata,Spain,Forward,23/10/1992,190,
14650,Taye Ashby-Hammond,England,Goalkeeper,21/03/1999,186,
8878,Tommy Smith,England,Defender,14/04/1992,186,
22052,Phil Ofosu-Ayeh,Ghana,Defender,15/09/1991,181,
8578,Max Lowe,England,Defender,11/05/1997,175,
4931,Saúl Ñíguez,Spain,Midfielder,21/11/1994,184,76
20171,Rúben Vinagre,Portugal,Defender,09/04/1999,174,
9664,Jack Payne,England,Midfielder,25/10/1994,165,
2047,Jonathan Walters,Ireland,Forward,20/09/1983,183,
13283,Kasey Palmer,Jamaica,Midfielder,09/11/1996,175,
21614,Sander Berge,Norway,Midfielder,14/02/1998,195,
63836,Bobby Thomas,England,Defender,30/01/2001,,
20088,Prince Alban Oniangué,Congo,Midfielder,04/11/1988,190,
4509,John Lundstram,England,Midfielder,18/02/1994,181,
4640,Jordan Pickford,England,Goalkeeper,07/03/1994,185,77
19922,Felix Nmecha,Germany,Midfielder,10/10/2000,188,
88771,Wanya Madavidua,England,Midfielder,,,
22548,Marcelo Djaló,Guinea-Bissau,Defender,08/10/1993,193,
51810,Toby King,England,Midfielder,04/01/2002,,
5865,Youri Tielemans,Belgium,Midfielder,07/05/1997,176,72
11033,Anwar El Ghazi,Netherlands,Midfielder,03/05/1995,188,90
21611,Lovre Kalinic,Croatia,Goalkeeper,03/04/1990,201,
13492,N'Golo Kanté,France,Midfielder,29/03/1991,168,68
6058,Nicolás Otamendi,Argentina,Defender,12/02/1988,183,
32998,Harrison Sohna,England,Midfielder,01/07/2002,,
4985,Bernd Leno,Germany,Goalkeeper,04/03/1992,190,83
22870,Patrick Cutrone,Italy,Forward,03/01/1998,183,
20787,Max Taylor,England,Defender,10/01/2000,,
14793,Luke Bolton,England,Midfielder,07/10/1999,174,
4749,Lewis Baker,England,Midfielder,25/04/1995,182,
13228,Niki Mäenpää,Finland,Goalkeeper,23/01/1985,190,
4549,Moussa Sissoko,France,Midfielder,16/08/1989,187,83
913,Michael Stensgaard,Denmark,Goalkeeper,01/09/1974,188,
9246,Ivan Toney,England,Forward,16/03/1996,179,70
66578,Reece Welch,England,Defender,19/09/2003,,
13988,Dean Henderson,England,Goalkeeper,12/03/1997,188,85
13340,Luke Dreher,England,Midfielder,27/11/1998,184,
5174,Cristián Cuevas,Chile,Defender,02/04/1995,173,
4487,Matthew Lowton,England,Defender,09/06/1989,180,78
45351,Marvelous Nakamba,Zimbabwe,Midfielder,19/01/1994,178,71
11180,Rúben Neves,Portugal,Midfielder,13/03/1997,180,80
4125,Cauley Woodrow,England,Forward,02/12/1994,184,
75372,Lukas Jensen,Denmark,Goalkeeper,18/03/1999,198,
23556,Mathias Normann,Norway,Midfielder,28/05/1996,179,75
14571,Reece James,England,Defender,08/12/1999,182,82
15418,Moses Makasi,England,Midfielder,22/09/1995,,
5810,Claudio Bravo,Chile,Goalkeeper,13/04/1983,184,
23702,Callum Hudson-Odoi,England,Forward,07/11/2000,182,76
9474,Aaron Tshibola,DR Congo,Midfielder,02/01/1995,190,
14283,George Hirst,England,Forward,15/02/1999,191,
49726,Mathias Jensen,Denmark,Midfielder,01/01/1996,180,68
14807,Lukas Nmecha,Germany,Forward,14/12/1998,185,
7431,Ibrahima Cissé,Guinea,Midfielder,28/02/1994,184,
74590,Andi Janjeva,Kosovo,Defender,11/10/2002,,
66362,Gonçalo Cardoso,Portugal,Defender,21/10/2000,189,
14149,Sam Woods,England,Defender,11/09/1998,,
25068,Morgan Sanson,France,Midfielder,18/08/1994,180,73
31936,Iliman Ndiaye,France,Midfielder,06/03/2000,180,
51238,Caleb Watts,Australia,Midfielder,16/01/2002,171,
14720,Daniel Atherton,England,Goalkeeper,18/12/1999,,
66670,Fábio Silva,Portugal,Forward,19/07/2002,185,75
4856,Kadeem Harris,England,Midfielder,08/06/1993,175,
4612,Jack Stephens,England,Defender,27/01/1994,185,75
15135,Jack Roles,Cyprus,Midfielder,26/02/1999,,
4161,Chicharito,Mexico,Forward,01/06/1988,175,
4287,Juan Mata,Spain,Midfielder,28/04/1988,170,63
20187,Jean-Philippe Gbamin,Cote D’Ivoire,Midfielder,25/09/1995,186,
69765,Liam Gibbs,England,Midfielder,16/12/2002,,
2651,Petr Cech,Czech Republic,Goalkeeper,20/05/1982,196,
66509,Flávio Cristóvão,Portugal,Defender,23/05/1997,185,
2678,Rhoys Wiggins,Wales,Defender,04/11/1987,173,
16467,Erik Palmer-Brown,United States,Defender,24/04/1997,187,
10947,Rico Henry,England,Defender,08/07/1997,170,67
2932,Ben Foster,England,Goalkeeper,03/04/1983,193,79
4804,Fernandinho,Brazil,Midfielder,04/05/1985,179,67
5267,Xherdan Shaqiri,Switzerland,Midfielder,10/10/1991,169,
66517,Kaine Hayden,England,Midfielder,25/05/2003,,
14436,Jordi Osei-Tutu,England,Defender,02/10/1998,176,
23747,Anthony Gordon,England,Forward,24/02/2001,,
24238,Marcel Franke,Germany,Defender,05/04/1993,193,
3154,Daniel Sturridge,England,Forward,01/09/1989,188,
14578,Kyle Scott,United States,Midfielder,22/12/1997,172,
4823,Marko Arnautovic,Austria,Forward,19/04/1989,192,
3547,Jack Wilshere,England,Midfielder,01/01/1992,172,
14063,Chris Mepham,Wales,Defender,05/11/1997,191,
32995,Jordan Thomas,England,Defender,02/01/2001,,
9634,Connor Goldson,England,Defender,18/12/1992,191,
4727,Simon Moore,England,Goalkeeper,19/05/1990,191,
51648,Chem Campbell,Wales,Forward,30/12/2002,,
6889,Rachid Ghezzal,Algeria,Midfielder,09/05/1992,182,
94666,Ismaila Coulibaly,Mali,Midfielder,25/12/2000,183,
51631,Keenan Appiah-Forson,England,Midfielder,16/10/2001,,
19673,Ramadan Sobhi,Egypt,Midfielder,23/01/1997,189,
72455,Isaac Mabaya,England,Midfielder,22/09/2004,,
52951,Ki-Jana Hoever,Netherlands,Defender,18/01/2002,180,65
16622,Borja Bastón,Spain,Forward,25/08/1992,186,
53093,William Dennis,England,Goalkeeper,10/07/2000,,
22591,Abdelhamid Sabiri,Germany,Midfielder,28/11/1996,186,
4617,James Ward-Prowse,England,Midfielder,01/11/1994,173,66
64148,Patrik Gunnarsson,Iceland,Goalkeeper,15/11/2000,190,84
10475,Ander Herrera,Spain,Midfielder,14/08/1989,182,
20489,Leon Bailey,Jamaica,Forward,09/08/1997,178,77
108751,Jakub Moder,Poland,Midfielder,07/04/1999,188,78
15967,Mohamed Elyounoussi,Norway,Midfielder,04/08/1994,178,70
24641,Adam Idah,Ireland,Forward,11/02/2001,190,83
3206,Shane Long,Ireland,Forward,22/01/1987,178,81
25467,Enock Mwepu,Zambia,Midfielder,01/01/1998,184,76
14554,Max Sanders,England,Midfielder,04/01/1999,175,
11111,Josip Drmic,Switzerland,Forward,08/08/1992,183,
14808,Joseph Hardy,England,Forward,26/09/1998,170,
30528,Yasser Larouci,France,Defender,01/01/2001,176,
4582,Michael Hector,Jamaica,Defender,19/07/1992,193,
3320,Luke Freeman,England,Midfielder,22/03/1992,181,
11147,Charly Musonda,Belgium,Midfielder,15/10/1996,173,
66722,Bjorn Hardley,Netherlands,Defender,19/12/2002,,
32936,Fousseni Diabaté,Mali,Forward,18/10/1995,175,
4159,Ravel Morrison,Jamaica,Midfielder,02/02/1993,175,
19874,Zak Swanson,England,Defender,28/09/2000,,
3157,Danny Simpson,England,Defender,04/01/1987,176,
32796,Okay Yokuslu,Turkey,Midfielder,09/03/1994,190,
2340,David McGoldrick,Ireland,Forward,29/11/1987,183,
49367,Warren O'Hora,Ireland,Defender,19/04/1999,,
19591,Dimitris Giannoulis,Greece,Defender,17/10/1995,175,62
23687,Ryan Longman,England,Forward,06/11/2000,180,
10483,Rolando Aarons,England,Midfielder,16/11/1995,178,
5178,Mohamed Salah,Egypt,Forward,15/06/1992,175,71
74761,Bruno Guimarães,Brazil,Midfielder,16/11/1997,182,74
19927,Nathanael Ogbeta,England,Defender,28/04/2001,,
20929,Ben Wilmot,England,Defender,04/11/1999,188,
24221,Billy Gilmour,Scotland,Midfielder,11/06/2001,166,60
23599,Timo Werner,Germany,Forward,06/03/1996,180,75
48689,Joseph Anang,England,Goalkeeper,08/06/2000,,
5721,Gaëtan Bong,Cameroon,Defender,25/04/1988,187,
15759,Edimilson Fernandes,Switzerland,Midfielder,15/04/1996,187,
31663,Malachi Fagan-Walcott,England,Defender,11/03/2002,,
4600,Paulo Gazzaniga,Argentina,Goalkeeper,02/01/1992,196,
19844,Meritan Shabani,Germany,Midfielder,15/03/1999,185,
13344,Matthew Cash,Poland,Defender,07/08/1997,185,
13130,Keinan Davis,England,Forward,13/02/1998,191,
2517,Phil Bardsley,Scotland,Defender,28/06/1985,180,74
2270,Aaron Lennon,England,Midfielder,16/04/1987,165,63
32715,Jack Clarke,England,Forward,23/11/2000,181,
13590,Daniel Barlaser,England,Midfielder,18/01/1997,184,
1911,Damien Delaney,Ireland,Defender,20/07/1981,191,
92635,Toti,Portugal,Defender,16/01/1999,187,72
10768,Kalvin Phillips,England,Midfielder,02/12/1995,178,72
74811,Nigel Lonwijk,Netherlands,Defender,27/10/2002,188,
11247,Fabinho,Brazil,Midfielder,23/10/1993,188,78
15154,Dara O'Shea,Ireland,Defender,04/03/1999,188,
4560,Alexander Tettey,Norway,Midfielder,04/04/1986,180,
51416,Ørjan Nyland,Norway,Goalkeeper,10/09/1990,192,
23199,Marco Stiepermann,Germany,Forward,09/02/1991,190,
3958,Ryan Fredericks,England,Defender,10/10/1992,181,74
9417,Jordan Hugill,England,Forward,04/06/1992,183,
5866,Leander Dendoncker,Belgium,Midfielder,15/04/1995,188,83
107830,Melkamu Frauendorf,Germany,Midfielder,12/01/2004,,
14580,Mason Mount,England,Midfielder,10/01/1999,178,70
23793,Calvin Bassey,Nigeria,Defender,31/12/1999,185,
3390,Dan Gosling,England,Midfielder,01/02/1990,183,79
9491,Jack O'Connell,England,Defender,29/03/1994,190,
51582,William Fish,England,Defender,17/02/2003,185,
5179,Ruben Loftus-Cheek,England,Midfielder,23/01/1996,191,88
51435,Connor Barrett,England,Defender,01/03/2002,,
9266,Ben Osborn,England,Midfielder,05/08/1994,176,
9762,Daniel Bachmann,Austria,Goalkeeper,09/07/1994,191,81
3929,Joel Ward,England,Defender,29/10/1989,188,83
114256,Shaqai Forde,England,Midfielder,,,
33335,Leighton Clarkson,England,Midfielder,19/10/2001,175,
4246,Per Mertesacker,Germany,Defender,29/09/1984,198,
20051,Nathan Trott,England,Goalkeeper,21/11/1998,188,
13559,Axel Tuanzebe,England,Defender,14/11/1997,186,
2934,Patrice Evra,France,Defender,15/05/1981,174,
66563,Jay Stansfield,England,Forward,24/11/2002,,
13279,Abdul Rahman Baba,Ghana,Defender,02/07/1994,180,
65987,Sepp van den Berg,Netherlands,Defender,20/12/2001,189,
67217,Zach Awe,England,Defender,09/01/2004,,
13716,Cuco Martina,Curacao,Defender,25/09/1989,185,
32229,Pedro Porro,Spain,Defender,13/09/1999,173,
107891,Oliwier Zych,Poland,Goalkeeper,28/06/2004,,
70133,Dylan Williams,England,Defender,13/09/2003,,
50245,Yves Bissouma,Mali,Midfielder,30/08/1996,182,80
10424,Semi Ajayi,Nigeria,Defender,09/11/1993,193,
64147,Matty Daly,England,Midfielder,10/03/2001,,
49150,Ben Jackson,England,Defender,22/02/2001,,
51226,Nathan Young-Coombes,England,Forward,15/01/2003,,
14631,Morgan Feeney,England,Defender,08/02/1999,190,
7450,Michy Batshuayi,Belgium,Forward,02/10/1993,184,
2423,Steven Davis,Northern Ireland,Midfielder,01/01/1985,173,
20081,Ryan Giles,England,Midfielder,26/01/2000,179,
3945,Ben Marshall,England,Midfielder,29/03/1991,183,
4481,Olivier Giroud,France,Forward,30/09/1986,192,
13485,Bailey Peacock-Farrell,Northern Ireland,Goalkeeper,29/10/1996,193,
64460,Luke Mbete,England,Defender,18/09/2003,,
10727,Marek Rodák,Slovakia,Goalkeeper,13/12/1996,194,
9662,Jacob Murphy,England,Midfielder,24/02/1995,179,74
4713,Isaac Hayden,England,Midfielder,22/03/1995,185,79
70136,Zidane Iqbal,Iraq,Midfielder,27/04/2003,,
3030,Leighton Baines,England,Defender,11/12/1984,170,
19758,Diogo Jota,Portugal,Forward,04/12/1996,178,68
8044,Simon Francis,England,Defender,16/02/1985,183,
3058,Stephen Henderson,Ireland,Goalkeeper,02/05/1988,193,
19968,Lewis Gibson,England,Defender,19/07/2000,185,
66516,Hayden Lindley,England,Midfielder,02/09/2002,,
20261,Wout Weghorst,Netherlands,Forward,07/08/1992,197,84
7013,Jean Michaël Seri,Cote D’Ivoire,Midfielder,19/07/1991,168,
90665,Derek Agyakwa,Netherlands,Defender,19/12/2001,,
11293,Serge Aurier,Cote D’Ivoire,Defender,24/12/1992,176,
19923,Iker Pozo,Spain,Midfielder,06/08/2000,,
19603,Lys Mousset,France,Forward,08/02/1996,184,
10465,Divock Origi,Belgium,Forward,18/04/1995,185,75
52931,Alexandre Jankewitz,Switzerland,Midfielder,25/12/2001,179,
11284,Arthur Masuaku,DR Congo,Defender,07/11/1993,179,70
25309,Juan Foyth,Argentina,Defender,12/01/1998,179,
13815,Kyle Walker-Peters,England,Defender,13/04/1997,173,62
4747,Marco van Ginkel,Netherlands,Midfielder,01/12/1992,180,
21495,Romain Perraud,France,Defender,22/09/1997,173,68
2570,Carl Ikeme,Nigeria,Goalkeeper,08/06/1986,188,
51436,Leo Østigård,Norway,Defender,28/11/1999,182,
3905,Kieran Trippier,England,Defender,19/09/1990,178,71
3513,Gareth Bale,Wales,Forward,16/07/1989,185,
25292,Dimitri Foulquier,Guadeloupe,Defender,23/03/1993,183,
3713,Jack Colback,England,Midfielder,24/10/1989,177,
66590,Abu Kamara,England,Defender,,,
3868,Luke Garbutt,England,Defender,21/05/1993,179,
14623,Beni Baningime,DR Congo,Midfielder,09/09/1998,178,
5879,Aleksandar Mitrovic,Serbia,Forward,16/09/1994,189,
4845,Christian Eriksen,Denmark,Midfielder,14/02/1992,182,76
13193,Jack Simpson,England,Defender,18/12/1996,178,
22040,Mario Vrancic,Bosnia & Herzegovina,Midfielder,23/05/1989,187,
10466,Willy Caballero,Argentina,Goalkeeper,28/09/1981,186,81
66367,James Furlong,Ireland,Defender,07/06/2002,,
51437,Peter Gwargis,Sweden,Midfielder,04/09/2000,,
4351,Ryan Bennett,England,Defender,06/03/1990,188,
4886,Davy Klaassen,Netherlands,Midfielder,21/02/1993,179,
90666,Daniel Phillips,,Midfielder,,,
8148,Stuart Dallas,Northern Ireland,Midfielder,19/04/1991,183,81
14795,Mace Goodridge,England,Midfielder,13/09/1999,180,
3441,Ched Evans,Wales,Forward,28/12/1988,183,
31441,Henry Lawrence,England,Defender,21/09/2001,,
8966,Wes Morgan,Jamaica,Defender,21/01/1984,186,
21385,Regan Slater,England,Midfielder,11/09/1999,173,
83496,Antwoine Hackford,England,Forward,20/03/2004,,
2250,Scott Carson,England,Goalkeeper,03/09/1985,190,76
15128,Luke Amos,England,Midfielder,23/02/1997,179,
16003,Panagiotis Retsos,Greece,Defender,09/08/1998,186,
66538,Tim Iroegbunam,England,Midfielder,30/06/2003,,
43098,Ferran Torres,Spain,Forward,29/02/2000,184,
4750,André Schürrle,Germany,Midfielder,06/11/1990,184,
5220,Fabian Schär,Switzerland,Defender,20/12/1991,188,84
23834,Brandon Williams,England,Defender,03/09/2000,171,63
66204,William Saliba,France,Defender,24/03/2001,192,
23875,Kornelius Normann Hansen,Norway,Midfielder,06/05/2001,175,
122388,Chiquinho,Portugal,Forward,05/02/2000,179,73
68634,Jude Soonsup-Bell,England,Forward,10/01/2004,,
8046,Tommy Elphick,England,Defender,07/09/1987,180,
25313,Davide Zappacosta,Italy,Defender,11/06/1992,185,
9826,Louis Thompson,Wales,Midfielder,19/12/1994,180,
8006,Andy Lonergan,England,Goalkeeper,19/10/1983,192,87
7548,Vicente Guaita,Spain,Goalkeeper,10/01/1987,190,81
3819,Grant Hanley,Scotland,Defender,20/11/1991,187,81
66635,Cristian Romero,Argentina,Defender,27/04/1998,185,79
20196,Yoshinori Muto,Japan,Forward,15/07/1992,179,
30534,Daniel Chesters,England,Midfielder,04/04/2002,,
4888,Daley Blind,Netherlands,Defender,09/03/1990,180,
23695,Marcin Bulka,Poland,Goalkeeper,04/10/1999,199,
2464,Liam Rosenior,England,Defender,09/07/1984,178,
8868,Jarrod Bowen,England,Forward,20/12/1996,175,70
5044,Roderick Miranda,Portugal,Defender,30/03/1991,191,
33072,Tony Gallacher,Scotland,Defender,23/07/1999,173,
3844,Kevin McDonald,Scotland,Midfielder,04/11/1988,192,
4290,Romelu Lukaku,Belgium,Forward,13/05/1993,190,93
4430,Tom Carroll,England,Midfielder,28/05/1992,177,
52959,Shane Flynn,Ireland,Midfielder,14/10/2001,,
53085,Andrew Omobamidele,Ireland,Defender,23/06/2002,188,
14585,Luke McCormick,England,Midfielder,21/01/1999,,
45519,George Johnston,Scotland,Defender,01/09/1998,181,
5093,Sokratis Papastathopoulos,Greece,Defender,09/06/1988,186,
19589,Jan Bednarek,Poland,Defender,12/04/1996,189,77
3988,Danny Batth,England,Defender,21/09/1990,191,
14538,Robert Sánchez,Spain,Goalkeeper,18/11/1997,197,90
22046,Callum Paterson,Scotland,Forward,13/10/1994,183,
3244,Jake Livermore,England,Midfielder,14/11/1989,181,
14587,George McEachran,England,Midfielder,30/08/2000,172,
8980,Jeffrey Schlupp,Ghana,Midfielder,23/12/1992,178,72
8616,Sean Raggett,England,Defender,17/04/1993,181,
22546,Kiko Femenía,Spain,Defender,02/02/1991,176,61
4183,Ahmed El Mohamady,Egypt,Defender,09/09/1987,183,
4529,Jerome Sinclair,England,Forward,20/09/1996,173,
13557,Ro-Shaun Williams,England,Defender,03/09/1998,188,
3766,Junior Stanislas,England,Midfielder,26/11/1989,183,
10596,Oliver Burke,Scotland,Midfielder,07/04/1997,188,
68593,Hannibal Mejbri,Tunisia,Midfielder,21/01/2003,177,
13522,Maximilian Kilman,England,Defender,23/05/1997,,
6292,Ivo Pinto,Portugal,Defender,07/01/1990,182,
51754,Joe Gelhardt,England,Forward,04/05/2002,175,65
3338,Mauro Zárate,Argentina,Forward,18/03/1987,176,
4765,Stuart O'Keefe,England,Midfielder,04/03/1991,173,
75104,Thierry Small,England,Defender,01/08/2004,,
32280,James Trafford,England,Goalkeeper,10/10/2002,,
15140,Tashan Oakley-Boothe,England,Midfielder,14/02/2000,182,
20337,Hwang Hee-Chan,South Korea,Forward,26/01/1996,177,77
8438,Cyrus Christie,Ireland,Defender,30/09/1992,188,
12536,Denis Odoi,Ghana,Defender,27/05/1988,178,
14824,Scott McTominay,Scotland,Midfielder,08/12/1996,193,88
33056,Jaroslaw Jach,Poland,Defender,17/02/1994,192,
15480,Alireza Jahanbakhsh,Iran,Forward,11/08/1993,180,
8889,Nahki Wells,Bermuda,Forward,01/06/1990,170,
10487,Ayoze Pérez,Spain,Forward,29/07/1993,178,72
15137,Kazaiah Sterling,England,Forward,09/11/1998,175,
14637,Nathan Holland,England,Midfielder,19/06/1998,178,
2216,Darren Randolph,Ireland,Goalkeeper,12/05/1987,188,98
4979,Adama Traoré,Spain,Forward,25/01/1996,178,
14487,Jake Doyle-Hayes,Ireland,Midfielder,30/12/1998,,
50247,Boubakary Soumaré,France,Midfielder,27/02/1999,188,70
12946,Aleix García,Spain,Midfielder,28/06/1997,173,
66692,Hugo Bueno,Spain,Defender,18/09/2002,180,73
14698,Elliott Moore,England,Defender,16/03/1997,,
14982,Harry Lewis,England,Goalkeeper,20/12/1997,191,77
14667,Jon Thorsteinsson,Iceland,Midfielder,26/11/1998,177,
21628,Jordan Davies,Wales,Midfielder,18/08/1998,,
31662,J'Neil Bennett,England,Forward,07/12/2001,,
51085,Julian Jeanvier,Guinea,Defender,31/03/1992,185,84
49956,Antonio Barreca,Italy,Defender,18/03/1995,180,
15199,Grady Diangana,England,Midfielder,19/04/1998,180,
13274,Ezri Konsa,England,Defender,23/10/1997,183,77
10654,Karlan Grant,England,Forward,18/09/1997,180,
4815,Matt Targett,England,Defender,18/09/1995,183,70
70216,Isaac Price,Northern Ireland,Midfielder,26/09/2003,,
12520,Mateo Kovacic,Croatia,Midfielder,06/05/1994,178,78
12136,Granit Xhaka,Switzerland,Midfielder,27/09/1992,185,82
112637,Frankie Maguire,England,Midfielder,29/07/2003,,
5102,Henrikh Mkhitaryan,Armenia,Midfielder,21/01/1989,177,
4209,Winston Reid,New Zealand,Defender,03/07/1988,190,
4696,Joel Robles,Spain,Goalkeeper,17/06/1990,195,
12192,Mathew Ryan,Australia,Goalkeeper,08/04/1992,184,
3644,Martin Kelly,England,Defender,27/04/1990,191,77
5575,Benjamin Mendy,France,Defender,17/07/1994,185,85
13389,Tom Davies,England,Midfielder,30/06/1998,180,70
14655,Moritz Jenz,Germany,Defender,30/04/1999,190,
21585,Lloyd Kelly,England,Defender,06/10/1998,178,
12582,Idrissa Gueye,Senegal,Midfielder,26/09/1989,174,
9869,Baily Cargill,England,Defender,05/07/1995,189,
49610,Ibrahima Diallo,France,Midfielder,08/03/1999,179,68
13961,Harry Wilson,Wales,Midfielder,22/03/1997,173,
11579,Ben Heneghan,England,Defender,19/09/1993,191,
25089,Ken Sema,Sweden,Midfielder,30/09/1993,180,69
5208,Ahmed Musa,Nigeria,Forward,14/10/1992,171,
13278,Ademola Lookman,Nigeria,Forward,20/10/1997,174,71
14766,Daniel Grimshaw,England,Goalkeeper,16/01/1998,185,
53790,Rico Richards,England,Midfielder,27/09/2003,,
3309,Lukasz Fabianski,Poland,Goalkeeper,18/04/1985,190,83
20858,Tahith Chong,Netherlands,Midfielder,04/12/1999,185,
4666,Jan Vertonghen,Belgium,Defender,24/04/1987,189,
23989,Luke Cundle,England,Midfielder,26/04/2002,,
10883,Tariqe Fosu-Henry,Ghana,Midfielder,05/11/1995,180,75
9566,Harry Maguire,England,Defender,05/03/1993,194,100
66607,James Balagizi,England,Midfielder,20/09/2003,,
21887,Conor Gallagher,England,Midfielder,06/02/2000,182,
13286,Tammy Abraham,England,Forward,02/10/1997,190,
19771,Fabri,Spain,Goalkeeper,31/12/1987,184,
63655,Tudor Baluta,Romania,Defender,27/03/1999,192,80
8451,George Thomas,Wales,Midfielder,24/03/1997,173,
4522,Danny Ward,Wales,Goalkeeper,22/06/1993,191,88
23697,Di'Shon Bernard,England,Defender,14/10/2000,189,
21820,Joshua Bohui,England,Forward,03/03/1999,180,
2338,Andrew Surman,England,Midfielder,20/08/1986,178,
98279,Nohan Kenneh,England,Midfielder,10/01/2003,,
63654,Emerson Royal,Brazil,Defender,14/01/1999,181,79
5074,Nélson Oliveira,Portugal,Forward,08/08/1991,186,
14742,Rhian Brewster,England,Forward,01/04/2000,180,
9496,Scott Hogan,Ireland,Forward,13/04/1992,180,
14753,Ovie Ejaria,England,Midfielder,18/11/1997,183,
22543,Marlos Moreno,Colombia,Forward,20/09/1996,171,
4489,Ashley Westwood,England,Midfielder,01/04/1990,175,80
13491,Ben Chilwell,England,Defender,21/12/1996,178,77
7985,Connor Mahoney,England,Midfielder,12/02/1997,175,
9473,Danny Williams,United States,Midfielder,08/03/1989,182,
74585,Nathan Patterson,Scotland,Defender,16/10/2001,183,72
14267,Tyler Smith,England,Forward,04/12/1998,178,
65985,Mason Holgate,England,Defender,22/10/1996,184,
5428,Markus Suttner,Austria,Defender,16/04/1987,179,
15202,Declan Rice,England,Midfielder,14/01/1999,185,76
3669,Matty James,England,Midfielder,22/07/1991,181,
4665,Jordan Archer,Scotland,Goalkeeper,12/04/1993,186,
24797,Dwight McNeil,England,Midfielder,22/11/1999,183,68
4577,Sean Morrison,England,Defender,08/01/1991,193,
8456,James Maddison,England,Midfielder,23/11/1996,175,73
5906,Fred,Brazil,Midfielder,05/03/1993,169,64
74591,Elia Caprile,Italy,Goalkeeper,25/08/2001,,
11213,Roberto Pereyra,Argentina,Midfielder,07/01/1991,182,
16793,Kiko Casilla,Spain,Goalkeeper,02/10/1986,190,
23835,D'Mani Mellor,England,Forward,20/09/2000,,
4348,Jed Steer,England,Goalkeeper,23/09/1992,183,
11074,Sandro Ramírez,Spain,Forward,09/07/1995,175,
6899,Alexandre Lacazette,France,Forward,28/05/1991,175,73
5682,Jorginho,Italy,Midfielder,20/12/1991,180,65
98300,Omari Hutchinson,England,Midfielder,29/10/2003,,
11419,Martin Ødegaard,Norway,Midfielder,17/12/1998,178,68
20005,James Hillson,England,Goalkeeper,14/01/2001,,
5061,André Gomes,Portugal,Midfielder,30/07/1993,188,84
3506,Alan Hutton,Scotland,Defender,30/11/1984,185,
11965,Matt Butcher,England,Midfielder,14/05/1997,188,
15424,Harry Burgoyne,England,Goalkeeper,28/12/1996,195,
19909,Kamil Grabara,Poland,Goalkeeper,08/01/1999,195,
31885,Alpha Richard Dionkou,Senegal,Defender,10/10/2001,183,
117596,Archie Gray,England,Midfielder,12/03/2006,,
14565,Jamie Cumming,England,Goalkeeper,04/09/1999,186,
14459,Kaylen Hinds,England,Forward,28/01/1998,179,
8598,James Husband,England,Defender,03/01/1994,179,
3654,Pablo Zabaleta,Argentina,Defender,16/01/1985,176,
14997,William Smallbone,Ireland,Midfielder,21/02/2000,,
4714,Mesut Özil,Germany,Midfielder,15/10/1988,180,
74776,Scott Banks,Scotland,Forward,26/09/2001,,
13962,Josh Pask,England,Defender,01/11/1997,187,
20109,Jannik Vestergaard,Denmark,Defender,03/08/1992,199,98
23822,Liam Millar,Canada,Forward,27/09/1999,81,
10532,Tyler Roberts,Wales,Forward,12/01/1999,180,75
3251,Adrian Mariappa,Jamaica,Defender,03/10/1986,180,
5001,Emre Can,Germany,Midfielder,12/01/1994,186,
4120,Neil Etheridge,Philippines,Goalkeeper,07/02/1990,188,
24811,Cody Drameh,England,Defender,08/12/2001,,
20946,Elias Sorensen,Denmark,Forward,18/09/1999,,
13555,Sergio Romero,Argentina,Goalkeeper,22/02/1987,192,
70755,Edward Rowe,England,Midfielder,17/10/2003,,
3160,Craig Cathcart,Northern Ireland,Defender,06/02/1989,188,73
46268,Kamil Miazek,Poland,Goalkeeper,15/08/1996,192,
4674,Isaiah Brown,England,Midfielder,07/01/1997,182,
14659,Marlon Fossey,United States,Defender,09/09/1998,180,
14335,Cameron Coxe,Wales,Defender,18/12/1998,185,
50960,Ignacio Pussetto,Argentina,Forward,21/12/1995,180,74
15218,Dion Sanderson,England,Defender,15/12/1999,,
14715,Admiral Muskwe,Zimbabwe,Forward,21/08/1998,183,
20810,Kai Havertz,Germany,Midfielder,11/06/1999,188,83
13550,Cameron Humphreys-Grant,England,Defender,22/08/1998,185,
20874,Jean-Philippe Mateta,France,Forward,28/06/1997,192,88
5345,Steven Defour,Belgium,Midfielder,15/04/1988,173,
14822,Demetri Mitchell,England,Defender,11/01/1997,181,
8589,Will Hughes,England,Midfielder,17/04/1995,185,74
10451,Muhamed Besic,Bosnia & Herzegovina,Midfielder,10/09/1992,180,
11071,Raúl Jiménez,Mexico,Forward,05/05/1991,190,76
4847,Nabil Bentaleb,Algeria,Midfielder,24/11/1994,187,
7500,Sol Bamba,Cote D’Ivoire,Defender,13/01/1985,190,
51777,Marc Leonard,Scotland,Midfielder,19/12/2001,,
4874,Joël Veltman,Netherlands,Defender,15/01/1992,184,75
4179,Simon Mignolet,Belgium,Goalkeeper,06/03/1988,193,
20101,Rekeem Harper,England,Midfielder,08/03/2000,188,
4093,Marcos Alonso,Spain,Defender,28/12/1990,188,84
4608,Luke Shaw,England,Defender,12/07/1995,185,75
15011,Yan Valery,France,Defender,22/02/1999,180,85
3756,Chris Wood,New Zealand,Forward,07/12/1991,191,81
25464,Arnau Puigmal,Spain,Midfielder,10/01/2001,173,
11362,Daniel Podence,Portugal,Midfielder,21/10/1995,165,58
104260,Niall Huggins,Wales,Defender,18/12/2000,,
50165,Ozan Kabak,Turkey,Defender,25/03/2000,186,86
49884,Issa Diop,France,Defender,09/01/1997,194,92
2933,Tom Heaton,England,Goalkeeper,15/04/1986,188,85
4330,David de Gea,Spain,Goalkeeper,07/11/1990,192,76
24809,Haydon Roberts,England,Defender,10/05/2002,,
15194,Daniel Kemp,England,Midfielder,11/01/1999,,
49316,Dejan Kulusevski,Sweden,Midfielder,25/04/2000,186,80
10633,Bruno Ecuele Manga,Gabon,Defender,16/07/1988,186,
13123,Jeff Reine-Adélaïde,France,Midfielder,17/01/1998,183,
4717,Alexander Iwobi,Nigeria,Forward,03/05/1996,180,75
3902,Jack Robinson,England,Defender,01/09/1993,168,
21422,Bernardo Rosa,Brazil,Midfielder,20/09/2000,,
4040,Benik Afobe,DR Congo,Forward,12/02/1993,183,
5860,Dennis Praet,Belgium,Midfielder,14/05/1994,181,
49173,Ed Turns,Wales,Defender,18/10/2002,,
54032,Mamadou Dialla Sylla,Spain,Midfielder,26/01/2003,179,
15019,Daniel N'Lundulu,England,Forward,05/02/1999,185,
64271,Mateusz Bogusz,Poland,Midfielder,22/08/2001,175,
2936,James Chester,Wales,Defender,23/01/1989,180,
50468,Gavin Kilkenny,Ireland,Midfielder,01/02/2000,,
3823,Junior Hoilett,Canada,Midfielder,05/06/1990,173,
8168,Dale Stephens,England,Midfielder,12/06/1989,169,71
4416,Jazz Richards,Wales,Defender,12/04/1991,185,
25281,Cameron Archer,England,Forward,09/12/2001,,
112742,Will Alves,England,Forward,04/02/2005,,
19678,Domingos Quina,Portugal,Midfielder,18/11/1999,179,
11260,Tiemoué Bakayoko,France,Midfielder,17/08/1994,185,
25329,Tanguy Ndombele,France,Midfielder,28/12/1996,181,
32162,André-Frank Zambo Anguissa,Cameroon,Midfielder,16/11/1995,184,
50975,Adrián Bernabé,Spain,Midfielder,26/05/2001,170,
23520,Loïc Damour,France,Midfielder,08/01/1991,180,
14829,Jimmy Dunne,Ireland,Defender,19/10/1997,183,
4396,Connor Wickham,England,Forward,31/03/1993,191,
67704,Christos Tzolis,Greece,Forward,30/01/2002,184,
92722,Kris Moore,England,Defender,13/11/2003,,
66225,Kazeem Olaigbe,Belgium,Forward,02/01/2003,,
21958,Zech Medley,England,Defender,09/07/2000,195,
5861,Cheikhou Kouyaté,Senegal,Midfielder,21/12/1989,189,83
24625,Sam Hughes,England,Defender,15/04/1997,,
21702,Elliot Watt,Scotland,Midfielder,11/03/2000,175,
51245,Kane Crichlow,Bermuda,Midfielder,21/08/2000,,
5064,Hélder Costa,Angola,Forward,12/01/1994,178,
51917,Karl Hein,Estonia,Goalkeeper,13/04/2002,193,
3960,Harry Kane,England,Forward,28/07/1993,188,86
20277,Jonny,Spain,Defender,03/03/1994,175,70
14444,Robbie Burton,Wales,Midfielder,26/12/1999,176,
112246,Leo Fuhr Hjelde,Norway,Defender,26/08/2003,188,
2911,Pepe Reina,Spain,Goalkeeper,31/08/1982,188,
13388,Callum Connolly,England,Defender,23/09/1997,183,
8887,Sean Scannell,Ireland,Midfielder,17/09/1990,176,
19618,Isaac Success,Nigeria,Forward,07/01/1996,186,
23873,Oludare Olufunwa,England,Defender,29/07/2001,,
14473,Mitchell Clark,Wales,Defender,13/03/1999,,
2299,Glenn Whelan,Ireland,Midfielder,13/01/1984,180,
4084,Jason David Ian Puncheon,England,Midfielder,18/06/1986,173,
16790,Davy Pröpper,Netherlands,Midfielder,02/09/1991,185,
23784,Thakgalo Leshabela,South Africa,Midfielder,18/09/1999,175,
8983,Riyad Mahrez,Algeria,Forward,21/02/1991,179,67
14801,Jadon Sancho,England,Forward,25/03/2000,180,76
5790,Diego Llorente,Spain,Defender,16/08/1993,186,75
9322,Jake Wright,England,Defender,11/03/1986,186,
19868,Vontae Daley-Campbell,England,Defender,02/04/2001,,
14255,Jake Eastwood,England,Goalkeeper,03/10/1996,193,
7081,Lucas Pérez,Spain,Forward,10/09/1988,180,
5375,Joel Matip,Cameroon,Defender,08/08/1991,195,90
12444,Jonas Lössl,Denmark,Goalkeeper,01/02/1989,195,89
23585,Álvaro Fernández,Spain,Goalkeeper,13/04/1998,185,75
16256,Neal Maupay,France,Forward,14/08/1996,173,69
19731,Ethan Ampadu,Wales,Defender,14/09/2000,183,
8444,John Fleck,Scotland,Midfielder,24/08/1991,170,
9603,Caolan Lavery,Northern Ireland,Forward,22/10/1992,180,
25540,Mads Bech Sørensen,Denmark,Defender,07/01/1999,189,92
23659,Ben Winterbottom,England,Goalkeeper,16/07/2001,,
24704,Tyrese Francois,Australia,Midfielder,16/07/2000,166,
26571,Jordan Stevens,England,Forward,25/03/2000,178,
4105,Nathaniel Chalobah,England,Midfielder,12/12/1994,187,
8658,Ollie Watkins,England,Forward,30/12/1995,180,70
14642,Shayne Lavery,Northern Ireland,Forward,08/12/1998,,
121739,Vincent Angelini,Scotland,Goalkeeper,12/09/2003,186,
14909,Aston Oxborough,England,Goalkeeper,09/05/1998,,
4129,Jon Flanagan,England,Defender,01/01/1993,181,
10420,David Ospina,Colombia,Goalkeeper,31/08/1988,183,
2593,Leon Clarke,England,Forward,10/02/1985,188,
51753,David Parkhouse,Northern Ireland,Forward,24/10/1999,,
10500,Jake Flannigan,England,Midfielder,02/02/1996,180,
15186,Reece Hannam,England,Defender,11/09/2000,,
32925,Marcelo Pitaluga,Brazil,Goalkeeper,20/12/2002,192,77
14674,Dennis Adeniran,England,Midfielder,02/01/1999,180,
21731,Kamil Grosicki,Poland,Midfielder,08/06/1988,180,
98263,Sam Waller,England,Goalkeeper,09/09/2003,,
14577,Richard Nartey,England,Defender,06/09/1998,184,
3672,Joe Bennett,England,Defender,28/03/1990,183,
112629,Harvey Blair,England,Forward,14/09/2003,,
4496,César Azpilicueta,Spain,Defender,28/08/1989,178,76
20745,Romain Saïss,Morocco,Midfielder,26/03/1990,190,80
14916,Timi Odusina,England,Defender,28/10/1999,,
4276,Tim Ream,United States,Defender,05/10/1987,186,
13823,Abdoulaye Doucouré,Mali,Midfielder,01/01/1993,184,75
15549,Frédéric Guilbert,France,Defender,24/12/1994,178,
51474,Lewis Gordon,England,Defender,12/02/2001,,
8979,Jamie Vardy,England,Forward,11/01/1987,179,74
10433,Andre Green,England,Forward,26/07/1998,180,
13917,Connor Roberts,Wales,Defender,23/09/1995,175,71
52613,Liam McCarron,Scotland,Midfielder,07/03/2001,175,
20958,Moise Kean,Italy,Forward,28/02/2000,183,
4145,David Silva,Spain,Midfielder,08/01/1986,173,
4556,Lee Camp,Northern Ireland,Goalkeeper,22/08/1984,183,
10855,Dion Henry,England,Goalkeeper,12/09/1997,180,
15123,Timothy Eyoma,England,Defender,29/01/2000,183,
54312,Miguel Almirón,Paraguay,Midfielder,10/02/1994,174,70
13281,Fikayo Tomori,England,Defender,19/12/1997,185,
4741,Joe Mason,England,Forward,13/05/1991,178,
64281,Pablo Moreno,Spain,Forward,03/05/2002,174,
15259,Morgan Gibbs-White,England,Midfielder,27/01/2000,171,
4772,Glenn Murray,England,Forward,25/09/1983,183,
16671,Filip Benkovic,Croatia,Defender,13/07/1997,194,
25435,Oskar Buur,Denmark,Defender,31/03/1998,180,
12316,Naby Keïta,Guinea,Midfielder,10/02/1995,172,64
19600,Loris Karius,Germany,Goalkeeper,22/06/1993,189,87
4525,Philippe Coutinho,Brazil,Midfielder,12/06/1992,172,68
24983,Vitalii Mykolenko,Ukraine,Defender,29/05/1999,180,71
20490,Mbwana Samatta,Tanzania,Forward,23/12/1992,183,
10539,Josh Cullen,Ireland,Midfielder,07/04/1996,175,
9576,Dominic Calvert-Lewin,England,Forward,16/03/1997,187,71
19893,Michael Tait,England,Forward,29/01/2001,,
24649,Ethan Galbraith,Northern Ireland,Midfielder,11/05/2001,175,
6627,Kenneth Zohore,Denmark,Forward,31/01/1994,189,
120096,Kayky,Brazil,Forward,11/06/2003,175,68
4561,Josh Murphy,England,Midfielder,24/02/1995,173,
51557,Jarell Quansah,England,Defender,29/01/2003,,
21413,Oliver Skipp,England,Midfielder,16/09/2000,175,70
3192,Gregory Halford,England,Defender,08/12/1984,193,
26076,Diego Rico,Spain,Defender,23/02/1993,183,
4999,Son Heung-Min,South Korea,Forward,08/07/1992,183,78
10564,Mason Holgate,England,Defender,22/10/1996,184,63
14482,Callum Rowe,England,Defender,02/09/1999,,
5850,Chancel Mbemba,DR Congo,Defender,08/08/1994,182,
69288,Stuart McKinstry,Scotland,Midfielder,18/09/2002,,
10498,Dusan Tadic,Serbia,Forward,20/11/1988,181,
3861,Nemanja Matic,Serbia,Midfielder,01/08/1988,194,85
7105,Jetro Willems,Netherlands,Defender,30/03/1994,169,
32638,Konstantinos Mavropanos,Greece,Defender,11/12/1997,194,
15146,Anthony Georgiou,Cyprus,Midfielder,24/02/1997,179,
3877,Adam Forshaw,England,Midfielder,08/10/1991,174,71
20097,Pablo Marí,Spain,Defender,31/08/1993,193,
8710,Patrick Roberts,England,Midfielder,05/02/1997,168,
21653,Aaron Connolly,Ireland,Forward,28/01/2000,,
8913,Matthew Clarke,England,Defender,22/09/1996,185,
25529,Dynel Simeu,England,Defender,13/03/2002,186,
49481,Bukayo Saka,England,Midfielder,05/09/2001,178,65
64037,John-Kymani Gordon,England,Forward,13/02/2003,,
14164,Aaron Wan-Bissaka,England,Defender,26/11/1997,183,72
78267,Ryan Finnigan,England,Midfielder,23/09/2003,,
5368,Sead Kolasinac,Bosnia & Herzegovina,Defender,20/06/1993,183,
4760,Ryan Inniss,England,Defender,05/06/1995,196,
8185,Joe Bryan,England,Defender,17/09/1993,173,
71441,Anthony Mancini,France,Midfielder,06/04/2001,180,
14619,Mateusz Hewelt,Poland,Goalkeeper,23/09/1996,186,
7103,Zanka,Denmark,Defender,23/04/1990,191,79
31883,Harrison Ashby,Scotland,Defender,14/11/2001,,
64464,Zak Brunt,England,Midfielder,17/11/2001,,
71432,Rayan Aït-Nouri,France,Defender,06/06/2001,179,70
14457,Josh Dasilva,England,Midfielder,23/10/1998,184,75
13706,David Brooks,Wales,Midfielder,08/07/1997,173,
66360,Bryan Mbeumo,France,Midfielder,07/08/1999,171,
7488,Harry Winks,England,Midfielder,02/02/1996,178,65
51579,Mark Helm,England,Midfielder,21/10/2001,,
20383,Olarenwaju Kayode,Nigeria,Forward,08/05/1993,176,
51569,James Norris,England,Defender,04/04/2003,,
51695,Jamal Baptiste,England,Defender,11/11/2003,,
66284,Wesley Fofana,France,Defender,17/12/2000,190,
14445,Emile Smith Rowe,England,Midfielder,28/07/2000,182,79
4973,Alexis Sánchez,Chile,Forward,19/12/1988,169,
9251,Karl Darlow,England,Goalkeeper,08/10/1990,190,88
5154,Stefan Johansen,Norway,Midfielder,08/01/1991,182,
3010,James Collins,Wales,Defender,23/08/1983,188,
21691,Shaun Hobson,England,Defender,29/06/1998,,
20499,Malang Sarr,France,Defender,23/01/1999,182,73
9650,Sam Gallagher,England,Forward,15/09/1995,194,
14490,Callum O'Hare,England,Midfielder,01/05/1998,175,
15715,José Sá,Portugal,Goalkeeper,17/01/1993,192,84
16640,Marçal,Brazil,Defender,19/02/1989,178,74
115169,Takehiro Tomiyasu,Japan,Defender,05/11/1998,188,70
11347,Cédric Soares,Portugal,Defender,31/08/1991,172,67
112203,Moisés Caicedo,Ecuador,Midfielder,02/11/2001,178,73
19873,James Olayinka,England,Midfielder,05/10/2000,,
32728,Viktor Gyökeres,Sweden,Forward,04/06/1998,187,
66497,Archie Mair,Scotland,Goalkeeper,10/02/2001,198,
4558,Robert Snodgrass,Scotland,Midfielder,07/09/1987,182,
25269,James Morris,England,Defender,23/11/2001,,
72541,Omotayo Adaramola,Ireland,Defender,13/11/2003,,
49990,Ibrahim Amadou,France,Midfielder,06/04/1993,183,
4258,Enda Stevens,Ireland,Defender,09/07/1990,183,
13565,Marcus Rashford,England,Forward,31/10/1997,180,70
74562,Leonardo Campana,Ecuador,Forward,24/07/2000,187,
8976,Andy King,Wales,Midfielder,29/10/1988,184,
13468,Omar Bogle,England,Forward,26/07/1992,187,
15938,Georges-Kévin Nkoudou,France,Midfielder,13/02/1995,172,
49293,Cole Palmer,England,Midfielder,06/05/2002,,
65961,Crysencio Summerville,Netherlands,Midfielder,30/10/2001,174,
4743,Rhys Healey,England,Forward,06/12/1994,180,
19963,Jack Young,England,Midfielder,21/10/2000,,
8049,Marc Pugh,England,Midfielder,02/04/1987,180,
3581,Chris Basham,England,Defender,20/07/1988,190,
65981,Joel Senior,England,Defender,24/06/1999,,
4732,Declan John,Wales,Defender,30/06/1995,178,
52202,Viljami Sinisalo,Finland,Goalkeeper,11/10/2001,,
21532,Michael Obafemi,Ireland,Forward,06/07/2000,169,
49195,Harvey White,England,Midfielder,19/09/2001,,
22802,Rodrigo Bentancur,Uruguay,Midfielder,25/06/1997,187,72
4721,Leandro Bacuna,Curacao,Midfielder,21/08/1991,187,
24773,Shandon Baptiste,Grenada,Midfielder,08/04/1998,175,71
25094,Saman Ghoddos,Iran,Forward,06/09/1993,176,75
8055,Lewis Grabban,England,Forward,12/01/1988,183,
4341,Yohan Cabaye,France,Midfielder,14/01/1986,174,
15559,Christian Pulisic,United States,Midfielder,18/09/1998,172,69
71590,Evan Ferguson,Ireland,Forward,19/10/2004,,
15111,Alfie Whiteman,England,Goalkeeper,02/10/1998,189,
53176,Will Russ,Wales,Midfielder,08/11/2002,,
25312,Nikola Vlasic,Croatia,Midfielder,04/10/1997,178,72
51690,CJ Egan-Riley,England,Defender,02/01/2003,,
49489,Daniel Oyegoke,England,Defender,03/01/2003,,
53151,Brandon Pierrick,England,Forward,10/12/2001,182,
10472,Marcos Rojo,Argentina,Defender,20/03/1990,186,
6609,Ahmed Hegazi,Egypt,Defender,25/01/1991,193,
24346,Ryan Schofield,England,Goalkeeper,11/12/1999,190,
33185,Harvey Elliott,England,Midfielder,04/04/2003,170,
6362,Aleksandar Dragovic,Austria,Defender,06/03/1991,186,
98302,Sil Swinkels,Netherlands,Defender,06/01/2004,,
4506,Jiang Guangtai,China,Defender,27/05/1994,181,
78239,Joseph McGlynn,Scotland,Forward,27/09/2002,,
13390,Oumar Niasse,Senegal,Forward,18/04/1990,182,
5551,Fernando Llorente,Spain,Forward,26/02/1985,193,
20503,Maxime Le Marchand,France,Defender,11/10/1989,185,
4880,Kenny Tete,Netherlands,Defender,09/10/1995,180,
14463,Matija Sarkic,Montenegro,Goalkeeper,23/07/1997,195,
33046,Junior Firpo,Spain,Defender,22/08/1996,184,78
15292,Des Hutchinson,Ireland,Midfielder,05/12/1996,,
4936,Thomas Partey,Ghana,Midfielder,13/06/1993,185,77
69653,Charlie Whitaker,England,Midfielder,16/09/2003,,
67927,Lars Dendoncker,Belgium,Defender,03/04/2001,,
37587,Florin Andone,Romania,Forward,11/04/1993,180,
3719,Heurelho Gomes,Brazil,Goalkeeper,15/02/1981,191,
20113,Kristoffer Ajer,Norway,Defender,17/04/1998,196,84
6389,Andriy Yarmolenko,Ukraine,Forward,23/10/1989,189,81
14555,Archie Davies,England,Defender,07/10/1998,,
5514,Angelo Ogbonna,Italy,Defender,23/05/1988,191,86
24340,Joseph Hungbo,England,Midfielder,15/01/2000,,
49494,Myles Peart-Harris,England,Midfielder,18/09/2002,,
9649,Sam McQueen,England,Defender,06/02/1995,180,
23591,Bernardo,Brazil,Defender,14/05/1995,186,
5361,Ralf Fährmann,Germany,Goalkeeper,27/09/1988,197,
5272,Pierre-Emile Højbjerg,Denmark,Midfielder,05/08/1995,187,84
4955,Martín Montoya,Spain,Defender,14/04/1991,175,
4394,John Egan,Ireland,Defender,20/10/1992,185,
14467,Jake Walker,England,Defender,03/11/2000,,
25311,Orestis Karnezis,Greece,Goalkeeper,11/07/1985,189,
4821,Erik Pieters,Netherlands,Defender,07/08/1988,183,84
53075,Cieran Slicker,Scotland,Goalkeeper,15/09/2002,,
3622,Liam Cooper,Scotland,Defender,30/08/1991,180,73
54900,Hassane Kamara,Cote D’Ivoire,Defender,05/03/1994,168,67
12185,Kieran Tierney,Scotland,Defender,05/06/1997,178,70
2569,Wayne Hennessey,Wales,Goalkeeper,24/01/1987,198,90
8962,Callum Elder,Australia,Defender,27/01/1995,180,
15136,George Marsh,England,Midfielder,05/11/1998,178,
13235,Richard Towell,Ireland,Midfielder,17/07/1991,173,
1870,Lee Grant,England,Goalkeeper,27/01/1983,193,83
10476,Andreas Pereira,Brazil,Midfielder,01/01/1996,178,
33067,Dennis Srbeny,Germany,Forward,05/05/1994,189,
32289,Fabio Carvalho,Portugal,Midfielder,30/08/2002,,
11002,Jason Denayer,Belgium,Defender,28/06/1995,184,
23194,Vitaly Janelt,Germany,Midfielder,10/05/1998,184,79
10454,Joe Williams,England,Midfielder,08/12/1996,185,
5371,Christian Fuchs,Austria,Defender,07/04/1986,187,
4101,Tomas Kalas,Czech Republic,Defender,15/05/1993,183,
4859,Christian Atsu,Ghana,Midfielder,10/01/1992,165,
50463,Nnamdi Ofoborh,Nigeria,Midfielder,07/11/1999,175,
14455,Tobi Omole,England,Defender,17/12/1999,,
5169,Teemu Pukki,Finland,Forward,29/03/1990,180,75
66108,Nathaniel Shio Hong Wan,England,Midfielder,,,
14575,Trevoh Chalobah,England,Defender,05/07/1999,190,75
1629,Peter Crouch,England,Forward,30/01/1981,201,
4289,Lucas Piazon,Brazil,Midfielder,20/01/1994,182,
8605,Mark Duffy,England,Midfielder,07/10/1985,175,
25444,Jakub Stolarczyk,Poland,Goalkeeper,19/12/2000,,
20646,Isaac Mbenza,Belgium,Forward,08/03/1996,187,
4763,Yannick Bolasie,DR Congo,Forward,24/05/1989,188,
49992,Adam Masina,Morocco,Defender,02/01/1994,189,78
6827,Michal Zyro,Poland,Forward,20/09/1992,187,
63634,Lucas Perri,Brazil,Goalkeeper,10/12/1997,194,
21677,Collin Quaner,Germany,Forward,18/06/1991,191,
10703,Mason Bloomfield,England,Forward,04/11/1996,191,
74787,Frankie Ealing,England,Defender,14/07/2004,,
23809,Thomas Clayton,Scotland,Defender,27/12/2000,,
5762,Lucas Moura,Brazil,Forward,13/08/1992,172,72
24807,Vítezslav Jaros,Czech Republic,Goalkeeper,23/07/2001,,
76090,Jan Paul van Hecke,Netherlands,Defender,08/06/2000,,
16723,Matz Sels,Belgium,Goalkeeper,26/02/1992,188,
8340,Tareiq Holmes-Dennis,England,Defender,31/10/1995,175,
51813,Liam Delap,England,Forward,08/02/2003,,
23827,Rabbi Matondo,Wales,Forward,09/09/2000,175,
51667,Billy Arce,Ecuador,Midfielder,12/07/1998,178,
3837,Kevin Long,Ireland,Defender,18/08/1990,188,83
21957,Callum Wright,England,Midfielder,02/05/2000,,
10430,Carlos Sánchez,Colombia,Midfielder,06/02/1986,182,
69816,Kwadwo Baah,Germany,Midfielder,27/01/2003,,
4123,Mousa Dembélé,Belgium,Midfielder,16/07/1987,185,
92693,Thanawat Suengchitthawon,Thailand,Midfielder,08/01/2000,,
10798,Yanic-Sonny Wildschut,Suriname,Forward,01/11/1991,187,
4259,Samir Carruthers,Ireland,Midfielder,04/04/1993,173,
8956,Ross McCormack,Scotland,Forward,18/08/1986,175,
23820,Rafael Camacho,Portugal,Midfielder,22/05/2000,175,
68580,Dexter Lembikisa,England,Defender,04/11/2003,,
25267,Largie Ramazani,Belgium,Forward,27/02/2001,167,
5334,Eliaquim Mangala,France,Defender,13/02/1991,188,
64519,Jaden Philogene-Bidace,England,Midfielder,08/02/2002,,
8321,Mark Gillespie,England,Goalkeeper,27/03/1992,192,83
5771,Edinson Cavani,Uruguay,Forward,14/02/1987,184,71
51224,Pierre Ekwah,France,Defender,15/01/2002,,
23811,Neco Williams,Wales,Defender,13/04/2001,183,
16788,Odsonne Édouard,France,Forward,16/01/1998,187,83
11357,Adrien Silva,Portugal,Midfielder,15/03/1989,171,
4325,Denis Suárez,Spain,Midfielder,06/01/1994,176,
66570,Dane Scarlett,England,Forward,24/03/2004,180,76
3170,Fraser Forster,England,Goalkeeper,17/03/1988,201,93
11373,Kepa Arrizabalaga,Spain,Goalkeeper,03/10/1994,189,84
70228,Kaide Gordon,England,Forward,05/10/2004,,
2839,Theo Walcott,England,Forward,16/03/1989,176,68
92692,Slobodan Tedic,Serbia,Forward,13/04/2000,190,
112551,Liam Hughes,Northern Ireland,Goalkeeper,19/08/2001,,
4291,Patrick Bamford,England,Forward,05/09/1993,185,71
25513,Pedro Pereira,Portugal,Midfielder,28/06/1998,173,
12322,Takumi Minamino,Japan,Forward,16/01/1995,174,68
15013,Jake Vokins,England,Defender,17/03/2000,180,
13984,Allan,Brazil,Midfielder,03/03/1997,175,
11259,João Moutinho,Portugal,Midfielder,08/09/1986,170,61
4605,Maya Yoshida,Japan,Defender,24/08/1988,189,
4511,Marcus Bettinelli,England,Goalkeeper,24/05/1992,194,82
33061,Kenny McLean,Scotland,Midfielder,08/01/1992,183,70
14624,Antonee Robinson,United States,Defender,08/08/1997,183,
16803,Emerson,Italy,Defender,03/08/1994,176,
13932,Ntumba Massanka,England,Midfielder,30/11/1996,191,
3999,Stephen Ward,Ireland,Defender,20/08/1985,184,
32435,Fabián Balbuena,Paraguay,Defender,23/08/1991,188,
12306,Daniel Amartey,Ghana,Defender,21/12/1994,186,79
5668,Miguel Britos,Uruguay,Defender,17/07/1985,188,
14567,Bradley Collins,England,Goalkeeper,18/02/1997,184,
15134,Nya Kirby,England,Midfielder,31/01/2000,174,
24722,Jack Spong,England,Midfielder,04/02/2002,,
35712,Harry Forster,England,Midfielder,11/05/2000,,
10761,Gaetano Berardi,Switzerland,Defender,21/08/1988,179,
11224,Robin Olsen,Sweden,Goalkeeper,08/01/1990,198,89
12299,Léo Bonatini,Brazil,Forward,28/03/1994,185,
4100,David Luiz,Brazil,Defender,22/04/1987,189,
3183,Ben Hamer,England,Goalkeeper,20/11/1987,192,
4499,Nathan Aké,Netherlands,Defender,18/02/1995,180,75
13248,Hamza Choudhury,England,Midfielder,01/10/1997,178,64
3319,Rui Fonte,Portugal,Forward,23/04/1990,179,
4786,Eldin Jakupovic,Switzerland,Goalkeeper,02/10/1984,191,85
24637,Tommy Doyle,England,Midfielder,17/10/2001,,
21612,William Troost-Ekong,Nigeria,Defender,01/09/1993,191,82
16088,Dodi Lukébakio,Belgium,Forward,24/09/1997,187,
50996,Mikkel Diskerud,United States,Midfielder,02/10/1990,184,
8871,Alex Smithies,England,Goalkeeper,05/03/1990,185,
8048,Ben Whitfield,England,Midfielder,28/02/1996,165,
14168,Jason Lokilo,DR Congo,Midfielder,17/09/1998,175,
10949,Jordy Hiwula-Mayifuila,England,Forward,21/09/1994,178,
15257,Austin Samuels,England,Forward,20/11/2000,,
14652,Jerome Opoku,England,Defender,14/10/1998,194,
3851,Jay Rodriguez,England,Forward,29/07/1989,185,84
3724,Andros Townsend,England,Midfielder,16/07/1991,181,77
23721,Henry Wise,England,Midfielder,01/01/2000,174,
25466,Lewis Richards,Ireland,Defender,15/10/2001,,
23830,Dylan Levitt,Wales,Midfielder,17/11/2000,180,
66524,Owen Dodgson,England,Defender,19/03/2003,,
11031,Donny van de Beek,Netherlands,Midfielder,18/04/1997,184,76
51775,Mohammed Salisu,Ghana,Defender,17/04/1999,191,82
3143,Joe Hart,England,Goalkeeper,19/04/1987,196,
13225,Sergi Canós,Spain,Forward,02/02/1997,177,75
51620,Nile John,England,Midfielder,06/03/2003,,
7990,Jordan Rhodes,Scotland,Forward,05/02/1990,185,
66522,Chituru Odunze,United States,Goalkeeper,14/10/2002,200,
4767,Jonathan Williams,Wales,Midfielder,09/10/1993,168,
23872,Christoph Klarer,Austria,Midfielder,14/06/2000,191,
14723,Caoimhin Kelleher,Ireland,Goalkeeper,23/11/1998,178,74
21797,Oladapo Afolayan,England,Forward,11/09/1997,180,
51510,Tyler Onyango,England,Midfielder,04/03/2003,190,
19605,Christian Kabasele,Belgium,Defender,24/02/1991,187,84
20708,Didier Ndong,Gabon,Midfielder,17/06/1994,179,
19862,Matthew Smith,England,Midfielder,05/10/2000,,
108972,Facundo Pellistri,Uruguay,Midfielder,20/12/2001,175,69
23744,Fraser Hornby,Scotland,Forward,13/09/1999,195,
5248,Albian Ajeti,Switzerland,Forward,26/02/1997,183,
3744,Chris Brunt,Northern Ireland,Midfielder,14/12/1984,187,
20079,Taylor Perry,England,Midfielder,15/07/2001,,
19675,Michael McGovern,Northern Ireland,Goalkeeper,12/07/1984,191,89
19680,Gabriel Jesus,Brazil,Forward,03/04/1997,175,73
14924,Alfie Payne,England,Midfielder,07/10/1999,,
24252,Diogo Dalot,Portugal,Defender,18/03/1999,183,76
7124,Jürgen Locadia,Netherlands,Forward,07/11/1993,187,
23650,Arthur Okonkwo,England,Goalkeeper,09/09/2001,198,
2758,Robert Green,England,Goalkeeper,18/01/1980,187,
8159,Christian Walton,England,Goalkeeper,09/11/1995,182,
10428,Ainsley Maitland-Niles,England,Midfielder,29/08/1997,177,
19622,Frédéric Gounongbe,Benin,Forward,01/05/1988,191,
49158,Andreas Söndergaard,Denmark,Goalkeeper,17/01/2001,189,
27090,Teden Mengi,England,Defender,30/04/2002,183,
11341,Rui Patrício,Portugal,Goalkeeper,15/02/1988,190,
15009,Thomas O'Connor,Ireland,Midfielder,21/04/1999,,
9030,Brad Smith,Australia,Defender,09/04/1994,178,
11300,James Rodríguez,Colombia,Midfielder,12/07/1991,180,
31905,Cucho Hernández,Colombia,Forward,20/04/1999,176,73
13985,Marko Grujic,Serbia,Midfielder,13/04/1996,191,
4231,Ethan Ebanks-Landell,England,Defender,16/12/1992,188,
14944,Todd Cantwell,England,Midfielder,27/02/1998,177,
3389,Jack Rodwell,England,Midfielder,11/03/1991,188,
13589,Liam Gibson,England,Defender,25/04/1997,185,
3452,Danny Welbeck,England,Forward,26/11/1990,185,73
76261,Jacob Sørensen,Denmark,Midfielder,03/03/1998,,
20179,Paul Gladon,Netherlands,Forward,18/03/1992,188,
2912,David Martin,England,Goalkeeper,22/01/1986,185,85
3752,Romaine Sawyers,St. Kitts & Nevis,Midfielder,02/11/1991,175,
24299,Jack Bodenham,Wales,Defender,29/09/1999,,
23033,Lucas Torreira,Uruguay,Midfielder,11/02/1996,168,
13556,Joel Pereira,Portugal,Goalkeeper,28/06/1996,188,
12891,Timm Klose,Switzerland,Defender,09/05/1988,193,
51616,Kallum Cesay,England,Defender,04/09/2002,,
66588,Jonathan Tomkinson,United States,Defender,11/04/2002,,
7490,Josh Onomah,England,Midfielder,27/04/1997,185,
15481,Vincent Janssen,Netherlands,Forward,15/06/1994,180,
23951,Jamie Bowden,Ireland,Midfielder,09/07/2001,,
4842,Erik Lamela,Argentina,Midfielder,04/03/1992,181,
26216,Çaglar Söyüncü,Turkey,Defender,23/05/1996,185,82
10827,Remi Matthews,England,Goalkeeper,10/02/1994,184,78
21297,Mads Roerslev,Denmark,Defender,24/06/1999,184,77
5264,Thiago,Spain,Midfielder,11/04/1991,174,70
20055,Emmanuel Longelo,England,Forward,27/12/2000,,
25429,Robbie Gotts,England,Midfielder,09/11/1999,,
4911,Thibaut Courtois,Belgium,Goalkeeper,11/05/1992,199,
14442,Vlad Dragomir,Romania,Midfielder,24/04/1999,178,
12854,Matteo Darmian,Italy,Defender,02/12/1989,182,
21379,Jamie Soule,England,Forward,26/11/2000,,
24630,Richarlison,Brazil,Forward,10/05/1997,184,83
15580,Wesley Moraes,Brazil,Forward,26/11/1996,191,
67899,Reda Khadra,Germany,Midfielder,04/07/2001,,
23813,Rhys Williams,England,Defender,03/02/2001,,
50467,Brennan Camp,Scotland,Defender,12/10/2000,,
3653,Vincent Kompany,Belgium,Defender,10/04/1986,193,
3712,Jordan Henderson,England,Midfielder,17/06/1990,182,67
14593,Iké Ugbo,Canada,Forward,21/09/1998,184,
2522,Cristiano Ronaldo,Portugal,Forward,05/02/1985,187,83
53270,Alfie McCalmont,Northern Ireland,Midfielder,25/03/2000,,
10444,Pape Souaré,Senegal,Defender,06/06/1990,178,
25071,Pierre Lees-Melou,France,Midfielder,25/05/1993,185,69
25183,Tomas Soucek,Czech Republic,Midfielder,27/02/1995,192,86
4725,Callum Robinson,Ireland,Forward,02/02/1995,178,
10766,Lewis Cook,England,Midfielder,03/02/1997,175,
48690,Joshua Wilson-Esbrand,England,Defender,26/12/2002,,
107863,Ulrick Eneme-Ella,Gabon,Forward,22/05/2001,184,
64078,Kyron Gordon,England,Defender,24/05/2002,,
10482,Jamie Sterry,England,Defender,21/11/1995,180,
4909,Roberto Jiménez,Spain,Goalkeeper,10/02/1986,192,
26408,Emiliano Buendía,Argentina,Midfielder,25/12/1996,172,72
49504,Jesurun Rak-Sakyi,England,Midfielder,05/10/2002,,
4006,Nathaniel Mendez-Laing,England,Midfielder,15/04/1992,180,
10004,Bakary Sako,Mali,Midfielder,26/04/1988,183,
21189,Ibrahim Meite,England,Forward,29/07/1996,188,
1526,Jermain Defoe,England,Forward,07/10/1982,171,
22570,Steve Mounié,Benin,Forward,29/09/1994,190,
51619,Matthew Craig,Scotland,Midfielder,16/04/2003,,
24231,Elijah Dixon-Bonner,England,Midfielder,01/01/2001,,
12584,Sofiane Boufal,Morocco,Midfielder,17/09/1993,170,
3517,James Tomkins,England,Defender,29/03/1989,192,74
69747,Benjamin Chrisene,England,Midfielder,12/01/2004,,
14945,Benny Ashley-Seal,England,Forward,21/11/1998,,
4620,Calum Chambers,England,Defender,20/01/1995,182,66
92734,Salah-Eddine Oulad M'hand,Netherlands,Midfielder,20/08/2003,,
10440,Mario Pasalic,Croatia,Midfielder,09/02/1995,188,
51609,Dennis Cirkin,England,Defender,06/04/2002,181,
50453,Mark Travers,Ireland,Goalkeeper,18/05/1999,191,
39606,Sergio Reguilón,Spain,Defender,16/12/1996,178,68
3512,Adam Smith,England,Defender,29/04/1991,180,
5782,Raphaël Varane,France,Defender,25/04/1993,191,81
10479,Freddie Woodman,England,Goalkeeper,04/03/1997,188,
3484,Hal Robson-Kanu,Wales,Forward,21/05/1989,183,
7234,Vicente Iborra,Spain,Midfielder,16/01/1988,190,
4316,Raheem Sterling,England,Forward,08/12/1994,170,69
4664,Hugo Lloris,France,Goalkeeper,26/12/1986,188,82
49763,Renat Dadashov,Azerbaijan,Forward,17/05/1999,186,
3920,Paul Pogba,France,Midfielder,15/03/1993,191,84
53789,Caleb Taylor,England,Defender,14/01/2003,,
14678,Mattias Käit,Estonia,Midfielder,29/06/1998,186,
108973,Michal Karbownik,Poland,Defender,13/03/2001,,
4779,Maarten Stekelenburg,Netherlands,Goalkeeper,22/09/1982,197,
3604,Marouane Fellaini,Belgium,Midfielder,22/11/1987,194,
1634,Michael Carrick,England,Midfielder,28/07/1981,188,
22043,Ethan Pinnock,Jamaica,Defender,29/05/1993,187,79
3807,Scott Dann,England,Defender,14/02/1987,188,
63840,Gavin Bazunu,Ireland,Goalkeeper,20/02/2002,189,
11946,Donovan Wilson,England,Forward,14/03/1997,180,
14693,Josh Knight,England,Defender,07/09/1997,185,
8454,Callum Wilson,England,Forward,27/02/1992,180,66
10123,Marvin Zeegelaar,Netherlands,Defender,12/08/1990,186,
19962,Thomas Allan,England,Forward,23/09/1999,,
4284,Rohan Ince,England,Midfielder,08/11/1992,191,
14549,Will Collar,England,Midfielder,03/02/1997,181,
25203,Lukas Rupp,Germany,Midfielder,08/01/1991,178,73
3670,Danny Drinkwater,England,Midfielder,05/03/1990,178,
32602,Michael Verrips,Netherlands,Goalkeeper,03/12/1996,195,
14903,Matthew Longstaff,England,Midfielder,21/03/2000,,
64079,Harry Boyes,England,Defender,02/11/2001,,
11070,Jesús Gámez,Spain,Defender,10/04/1985,177,
8052,Ryan Fraser,Scotland,Midfielder,24/02/1994,163,70
49264,Mazeed Ogungbo,Ireland,Defender,20/10/2002,,
23750,Ryan Astley,Wales,Defender,04/10/2001,,
14636,Nathan Broadhead,Wales,Forward,05/04/1998,178,
23796,Luke Thomas,England,Defender,10/06/2001,,
19778,Mikel Merino,Spain,Midfielder,22/06/1996,188,
14341,Lloyd Humphries,Wales,Midfielder,03/10/1997,,
15258,Niall Ennis,England,Forward,20/05/1999,180,
51544,Ethan Fitzhugh,England,Midfielder,27/11/2002,,
21714,Samuel Kalu,Nigeria,Forward,26/08/1997,176,74
14548,Benjamin White,England,Defender,08/10/1997,182,78
19619,Aaron Mooy,Australia,Midfielder,15/09/1990,174,
49501,Lewis Bate,England,Midfielder,28/10/2002,,
4112,Eric Dier,England,Defender,15/01/1994,188,88
3448,Tom Cleverley,England,Midfielder,12/08/1989,175,67
24638,Nabili Zoubdi Touaizi,Morocco,Forward,01/02/2001,,
4843,Etienne Capoue,France,Midfielder,11/07/1988,189,
49961,Lyanco,Brazil,Defender,01/02/1997,187,85
15989,Guido Carrillo,Argentina,Forward,25/05/1991,191,
15322,Shani Tarashaj,Switzerland,Forward,07/02/1995,176,
9468,Charlie Austin,England,Forward,05/07/1989,188,
3567,Mark Bunn,England,Goalkeeper,16/11/1984,183,
10501,Jake Hesketh,England,Midfielder,27/03/1996,168,
52953,Ben Knight,England,Forward,14/06/2002,,
21881,Nathan Bishop,England,Goalkeeper,15/10/1999,185,
107844,Tommi O'Reilly,England,Midfielder,15/12/2003,,
14792,Ed Francis,England,Defender,11/09/1999,182,
53074,Kaine Hayden,England,Defender,23/10/2002,,
4527,Jordon Ibe,England,Midfielder,08/12/1995,176,
4154,Anders Lindegaard,Denmark,Goalkeeper,13/04/1984,193,
12212,José Izquierdo,Colombia,Forward,07/07/1992,171,
49477,Finley Stevens,Wales,Defender,10/04/2003,,
13866,Jonathan Leko,England,Forward,24/04/1999,182,
3983,Victor Moses,Nigeria,Midfielder,12/12/1990,177,
53610,Akos Onodi,Hungary,Goalkeeper,02/09/2001,,
2053,Robert Huth,Germany,Defender,18/08/1984,191,
24151,Xande Silva,Portugal,Forward,16/03/1997,177,
11134,Jon Stankovic,Slovenia,Defender,14/01/1996,190,
76258,Niels Nkounkou,France,Defender,01/11/2000,180,
12186,Stuart Armstrong,Scotland,Midfielder,30/03/1992,183,75
10604,Jota,Spain,Midfielder,16/06/1991,180,
32279,Jake Cain,England,Midfielder,02/09/2001,,
43856,Troy Parrott,Ireland,Forward,04/02/2002,185,
67201,Harvey Vale,England,Midfielder,11/09/2003,,
2417,Cesc Fàbregas,Spain,Midfielder,04/05/1987,180,
3548,Aaron Ramsey,Wales,Midfielder,26/12/1990,178,
14712,Layton Ndukwu,England,Forward,07/09/1998,177,
19880,Tyreece John-Jules,England,Forward,14/02/2001,183,
4245,Emiliano Martínez,Argentina,Goalkeeper,02/09/1992,195,88
14568,Nathan Baxter,England,Goalkeeper,08/11/1998,191,
65641,Lucas Bergström,Finland,Goalkeeper,05/09/2002,,
69289,Jack Jenkins,England,Midfielder,23/03/2002,,
51539,Terell Pennant,England,Midfielder,14/09/2002,,
5101,Ilkay Gündogan,Germany,Midfielder,24/10/1990,180,80
21998,Pedro Neto,Portugal,Forward,09/03/2000,172,69
14589,Isaac Christie-Davies,Wales,Midfielder,18/10/1997,188,
14465,Viktor Johansson,Sweden,Goalkeeper,14/09/1998,186,
15200,Joe Powell,England,Midfielder,30/10/1998,178,
4508,Matthew Kennedy,Northern Ireland,Defender,01/11/1994,175,
24334,Tyrick Mitchell,England,Defender,01/09/1999,,
15193,Alfie Lewis,England,Midfielder,28/09/1999,,
14658,Tayo Edun,England,Midfielder,14/05/1998,170,
115114,Yerson Mosquera,Colombia,Defender,02/05/2001,187,76
14835,Ethan Hamilton,Scotland,Midfielder,18/10/1998,187,
13648,Martin Samuelsen,Norway,Midfielder,17/04/1997,189,
20183,Leon Balogun,Nigeria,Defender,28/06/1988,190,
31442,Armando Broja,Albania,Forward,10/09/2001,191,
55603,Ali Koiki,England,Defender,22/08/1999,,
13872,Manuel Lanzini,Argentina,Midfielder,15/02/1993,167,59
24399,Sam Graham,England,Defender,13/08/2000,,
8232,Daniel Lafferty,Northern Ireland,Defender,18/05/1989,180,
50857,Gedson Fernandes,Portugal,Midfielder,09/01/1999,182,
19611,Elias Kachunga,DR Congo,Forward,22/04/1992,178,
6528,Valentino Lazaro,Austria,Midfielder,24/03/1996,180,
10458,Andrew Robertson,Scotland,Defender,11/03/1994,178,64
4252,Alex Oxlade-Chamberlain,England,Midfielder,15/08/1993,180,70
68857,Jeremy Sarmiento,Ecuador,Forward,16/06/2002,,
13584,Kieran O'Hara,Ireland,Goalkeeper,22/04/1996,191,
10081,Ben Davies,England,Defender,11/08/1995,185,
22952,Víctor Camarasa,Spain,Midfielder,28/05/1994,183,
49502,Xavier Simons,England,Midfielder,20/02/2003,,
16347,Barry Douglas,Scotland,Defender,04/09/1989,176,
16087,Trézéguet,Egypt,Midfielder,01/10/1994,180,
51610,Romaine Mundle,England,Midfielder,24/04/2003,,
4331,Sam Johnstone,England,Goalkeeper,25/03/1993,193,
14771,Demeaco Duhaney,England,Defender,13/10/1998,180,
5577,Brice Dja Djédjé,Cote D’Ivoire,Defender,23/12/1990,170,
14938,Jamal Lewis,Northern Ireland,Defender,25/01/1998,178,70
52625,Luke Matheson,England,Defender,02/10/2002,,
1295,Stuart Taylor,England,Goalkeeper,28/11/1980,198,
23826,Bobby Duncan,England,Forward,26/06/2001,,
70241,Teddy Sharman-Lowe,England,Goalkeeper,30/03/2003,189,73
9134,Lee Tomlin,England,Forward,12/01/1989,180,
4340,Paul Dummett,Wales,Defender,26/09/1991,183,82
52903,Sam McCallum,England,Defender,02/09/2000,,
26975,Miguel Azeez,England,Midfielder,20/09/2002,,
3507,Danny Rose,England,Defender,02/07/1990,173,72
3285,Antonio Valencia,Ecuador,Defender,04/08/1985,180,
20607,Joelinton,Brazil,Forward,14/08/1996,186,81
19967,Kelland Watts,England,Defender,03/11/1999,,
11272,Anthony Martial,France,Forward,05/12/1995,181,
16270,Rafa Mir,Spain,Forward,18/06/1997,191,
24839,Sead Haksabanovic,Montenegro,Midfielder,04/05/1999,173,
10439,Ola Aina,Nigeria,Defender,08/10/1996,184,
23946,Paris Maghoma,England,Midfielder,08/05/2001,,
14750,Herbie Kane,England,Midfielder,23/11/1998,177,
19564,Jesús Vallejo,Spain,Defender,05/01/1997,184,
2537,Asmir Begovic,Bosnia & Herzegovina,Goalkeeper,20/06/1987,199,101
54056,Femi Seriki,England,Midfielder,28/04/2002,183,
14270,Mikael Ndjoli,England,Forward,16/12/1998,183,
66557,Jakub Ojrzynski,Poland,Goalkeeper,19/02/2003,,
22542,Pascal Groß,Germany,Midfielder,15/06/1991,181,78
3508,Younes Kaboul,France,Defender,04/01/1986,193,
19864,Danny Ballard,Northern Ireland,Defender,22/09/1999,187,
2485,Richard Stearman,England,Defender,19/08/1987,191,
15332,Daniel Iversen,Denmark,Goalkeeper,19/07/1997,191,
26151,Joachim Andersen,Denmark,Defender,31/05/1996,192,90
13515,James Justin,England,Defender,23/02/1998,183,80
13511,Roberto Firmino,Brazil,Forward,02/10/1991,181,76
15133,Shilow Tracey,England,Midfielder,29/04/1998,179,
8107,Oliver McBurnie,Scotland,Forward,04/06/1996,188,
4224,James McArthur,Scotland,Midfielder,07/10/1987,178,75
13508,Conor Masterson,Ireland,Defender,08/09/1998,,
11363,Matheus Pereira,Brazil,Midfielder,05/05/1996,175,
7946,Demarai Gray,England,Forward,28/06/1996,180,74
